-- --------------------------------------------------------
-- Host:                         127.0.0.1
-- Server version:               5.6.17 - MySQL Community Server (GPL)
-- Server OS:                    Win32
-- HeidiSQL version:             7.0.0.4218
-- Date/time:                    2018-03-25 13:29:35
-- --------------------------------------------------------

/*!40101 SET @OLD_CHARACTER_SET_CLIENT=@@CHARACTER_SET_CLIENT */;
/*!40101 SET NAMES utf8 */;
/*!40014 SET @OLD_FOREIGN_KEY_CHECKS=@@FOREIGN_KEY_CHECKS, FOREIGN_KEY_CHECKS=0 */;
/*!40101 SET @OLD_SQL_MODE=@@SQL_MODE, SQL_MODE='NO_AUTO_VALUE_ON_ZERO' */;

-- Dumping database structure for tiantian
DROP DATABASE IF EXISTS `tiantian`;
CREATE DATABASE IF NOT EXISTS `tiantian` /*!40100 DEFAULT CHARACTER SET utf8 */;
USE `tiantian`;


-- Dumping structure for table tiantian.admin_deposit
DROP TABLE IF EXISTS `admin_deposit`;
CREATE TABLE IF NOT EXISTS `admin_deposit` (
  `id` int(11) NOT NULL AUTO_INCREMENT,
  `order_id` int(11) NOT NULL COMMENT '订单id',
  `user_id` int(11) DEFAULT '0' COMMENT '头寸用户',
  `admin_id` int(11) NOT NULL COMMENT '账号',
  `amount` decimal(11,2) NOT NULL DEFAULT '0.00' COMMENT '金额',
  `created_at` datetime DEFAULT NULL COMMENT '创建时间',
  PRIMARY KEY (`id`)
) ENGINE=InnoDB DEFAULT CHARSET=utf8 COMMENT='管理员保证金记录表';

-- Dumping data for table tiantian.admin_deposit: ~0 rows (approximately)
/*!40000 ALTER TABLE `admin_deposit` DISABLE KEYS */;
/*!40000 ALTER TABLE `admin_deposit` ENABLE KEYS */;


-- Dumping structure for table tiantian.admin_menu
DROP TABLE IF EXISTS `admin_menu`;
CREATE TABLE IF NOT EXISTS `admin_menu` (
  `id` int(11) NOT NULL AUTO_INCREMENT COMMENT '序号',
  `name` varchar(30) NOT NULL COMMENT '菜单名',
  `pid` int(11) DEFAULT '0' COMMENT '父ID',
  `level` smallint(6) DEFAULT '1' COMMENT '层级',
  `sort` int(11) DEFAULT '1' COMMENT '排序值',
  `url` varchar(250) DEFAULT '' COMMENT '跳转链接',
  `icon` varchar(250) DEFAULT NULL COMMENT '图标',
  `is_show` tinyint(4) DEFAULT '1' COMMENT '是否显示',
  `category` tinyint(4) DEFAULT '1' COMMENT '菜单分类',
  `state` tinyint(4) DEFAULT '1' COMMENT '状态',
  `created_at` datetime DEFAULT NULL,
  `created_by` int(11) DEFAULT NULL,
  `updated_at` datetime DEFAULT NULL,
  `updated_by` int(11) DEFAULT NULL,
  PRIMARY KEY (`id`)
) ENGINE=InnoDB AUTO_INCREMENT=56 DEFAULT CHARSET=utf8 COMMENT='菜单表';

-- Dumping data for table tiantian.admin_menu: ~55 rows (approximately)
/*!40000 ALTER TABLE `admin_menu` DISABLE KEYS */;
INSERT INTO `admin_menu` (`id`, `name`, `pid`, `level`, `sort`, `url`, `icon`, `is_show`, `category`, `state`, `created_at`, `created_by`, `updated_at`, `updated_by`) VALUES
	(1, '系统管理', 0, 1, 1, 'system', '<i class="Hui-iconfont">&#xe62e;</i>', 1, 1, 1, '2016-08-22 17:54:31', 1, '2016-10-28 15:03:56', 1),
	(2, '系统设置', 1, 2, 2, 'system/setting', '', 1, 1, 1, '2016-08-22 17:54:58', 1, '2016-08-22 17:54:58', 1),
	(3, '系统菜单', 1, 2, 3, 'system/menu', '', 1, 1, 1, '2016-08-22 17:55:35', 1, '2016-08-22 18:59:43', 1),
	(4, '系统日志', 1, 2, 4, 'system/logList', '', 1, 1, 1, '2016-08-22 18:42:11', 1, '2016-09-02 11:40:45', 1),
	(5, '管理员管理', 0, 1, 3, 'admin', '<i class="Hui-iconfont">&#xe62d;</i>', 1, 1, 1, '2016-08-22 18:43:29', 1, '2016-10-28 15:03:56', 1),
	(6, '管理员列表', 5, 2, 2, 'admin/list', '', 1, 1, 1, '2016-08-22 18:46:24', 1, '2016-08-22 18:46:24', 1),
	(7, '角色列表', 5, 2, 3, 'admin/roleList', '', 1, 1, 1, '2016-08-22 18:46:50', 1, '2016-08-30 18:25:01', 1),
	(8, '权限列表', 5, 2, 4, 'admin/permissionList', '', 1, 1, 1, '2016-08-22 18:47:10', 1, '2016-08-30 18:24:58', 1),
	(9, '会员管理', 0, 1, 3, 'user', '<i class="Hui-iconfont">&#xe60d;</i>', 1, 1, 1, '2016-08-22 18:47:49', 1, '2016-10-28 15:03:56', 1),
	(10, '会员列表', 9, 2, 2, 'user/list', '', 1, 1, 1, '2016-08-22 18:48:13', 1, '2016-08-27 19:45:26', 1),
	(11, '经纪人管理', 0, 1, 8, 'retail', '<i class="Hui-iconfont">&#xe616;</i>', 1, 1, 1, '2016-08-22 18:48:55', 1, '2017-03-13 15:10:53', 1),
	(12, '代理商列表', 11, 2, 2, 'retail/list', '', 1, 1, -1, '2016-08-22 18:49:15', 1, '2016-11-28 16:49:54', 1),
	(13, '体验券管理', 0, 1, 7, 'coupon', '<i class="Hui-iconfont">&#xe613;</i>', 1, 1, 1, '2016-08-22 18:49:39', 1, '2016-10-28 15:07:00', 1),
	(14, '体验券列表', 13, 2, 2, 'coupon/list', '', 1, 1, 1, '2016-08-22 18:49:54', 1, '2016-10-28 15:07:04', 1),
	(15, '产品管理', 0, 1, 5, 'product', '<i class="Hui-iconfont">&#xe620;</i>', 1, 1, 1, '2016-08-22 18:51:04', 1, '2016-10-28 15:03:56', 1),
	(16, '产品列表', 15, 2, 2, 'product/list', '', 1, 1, 1, '2016-08-22 18:51:18', 1, '2016-08-22 18:51:18', 1),
	(17, '分销管理', 0, 1, 6, 'sale', '<i class="Hui-iconfont">&#xe622;</i>', 1, 1, -1, '2016-08-22 18:51:35', 1, '2016-10-28 15:03:56', 1),
	(18, '经纪人列表', 17, 2, 2, 'sale/managerList', '', 1, 1, -1, '2016-08-22 18:52:10', 1, '2016-10-28 15:48:01', 1),
	(19, '订单管理', 0, 1, 4, 'order', '<i class="Hui-iconfont">&#xe61a;</i>', 1, 1, 1, '2016-08-22 19:00:05', 1, '2016-10-28 15:03:56', 1),
	(20, '用户持有体验券', 13, 2, 3, 'coupon/ownerList', '', 1, 1, 1, '2016-10-27 14:50:18', 1, '2016-10-28 15:27:50', 1),
	(21, '会员持仓列表', 9, 2, 3, 'user/positionList', '', 1, 1, 1, '2016-10-27 15:32:31', 1, '2016-10-28 09:27:38', 1),
	(22, '会员赠金', 9, 2, 4, 'user/giveList', '', 1, 1, 1, '2016-10-27 15:33:45', 1, '2016-10-27 19:55:55', 1),
	(23, '会员出金', 9, 2, 5, 'user/withdrawList', '', 1, 1, 1, '2016-10-27 15:34:11', 1, '2016-10-27 19:55:59', 1),
	(24, '会员充值记录', 9, 2, 6, 'user/chargeRecordList', '', 1, 1, 1, '2016-10-27 15:36:04', 1, '2016-10-27 19:56:07', 1),
	(25, '订单列表', 19, 2, 2, 'order/list', '', 1, 1, 1, '2016-10-27 21:10:41', 1, '2016-10-27 21:10:41', 1),
	(26, '风险管理', 0, 1, 9, 'risk', '<i class="Hui-iconfont">&#xe65a;</i>', 1, 1, 1, '2016-10-29 10:45:01', 1, '2016-10-29 10:50:36', 1),
	(27, '风险控制', 26, 2, 2, 'risk/center', '', 1, 1, 1, '2016-10-29 10:45:37', 1, '2016-10-29 10:45:37', 1),
	(28, '审核经纪人', 9, 2, 7, 'user/verifyManager', '', 1, 1, -1, '2016-10-31 17:06:34', 1, '2016-10-31 17:06:34', 1),
	(29, '经纪人列表', 11, 2, 3, 'sale/managerList', '', 1, 1, 1, '2016-11-30 18:00:01', 1, '2016-11-30 18:00:01', 1),
	(30, '审核经纪人', 11, 2, 4, 'user/verifyManager', '', 1, 1, 1, '2016-11-30 18:00:25', 1, '2016-11-30 18:00:25', 1),
	(31, '代理商返点统计', 11, 2, 5, 'sale/managerRebateList', '', 1, 1, -1, '2016-12-06 15:50:40', 1, '2016-12-06 16:07:32', 1),
	(32, '总返点记录列表', 11, 2, 6, 'user/rebateList', '', 1, 1, -1, '2016-12-06 15:51:19', 1, '2016-12-06 16:07:37', 1),
	(33, '结算会员', 5, 2, 5, 'admin/settle', '', 1, 1, -1, '2017-03-10 16:34:17', 1, '2017-03-10 16:34:56', 1),
	(34, '运营中心', 5, 2, 6, 'admin/operate', '', 1, 1, -1, '2017-03-10 16:35:00', 1, '2017-03-10 16:35:00', 1),
	(35, '微会员', 5, 2, 7, 'admin/member', '', 1, 1, -1, '2017-03-10 16:35:15', 1, '2017-03-10 16:35:15', 1),
	(36, '微圈', 5, 2, 8, 'admin/ring', '', 1, 1, -1, '2017-03-10 16:36:01', 1, '2017-03-10 16:36:01', 1),
	(37, '组织架构', 0, 1, 2, 'group', '<i class="Hui-iconfont"></i>', 1, 1, 1, '2017-03-13 15:00:41', 1, '2017-03-13 15:03:36', 1),
	(38, '结算会员', 0, 1, 10, 'admin/settle', '', 1, 1, -1, '2017-03-13 15:03:08', 1, '2017-03-13 15:03:08', 1),
	(39, '结算会员', 37, 2, 2, 'admin/settle', '', 1, 1, 1, '2017-03-13 15:03:49', 1, '2017-03-13 15:03:57', 1),
	(40, '运营中心', 37, 2, 3, 'admin/operate', '', 1, 1, 1, '2017-03-13 15:04:14', 1, '2017-03-13 15:04:14', 1),
	(41, '微会员', 37, 2, 4, 'admin/member', '', 1, 1, 1, '2017-03-13 15:04:25', 1, '2017-03-13 15:04:25', 1),
	(42, '微圈', 37, 2, 5, 'admin/ring', '', 1, 1, 1, '2017-03-13 15:04:40', 1, '2017-03-13 15:04:40', 1),
	(43, '记录管理', 0, 1, 11, 'record', '<i class="Hui-iconfont"></i>', 1, 1, 1, '2017-03-13 15:13:14', 1, '2017-03-13 15:20:52', 1),
	(44, '手续费提现记录', 43, 2, 2, 'record/feeRecord', '', 1, 1, 1, '2017-03-13 15:19:02', 1, '2017-03-13 15:19:02', 1),
	(45, '保证金操作记录', 43, 2, 3, 'record/depositRecord', '', 1, 1, 1, '2017-03-13 15:19:27', 1, '2017-03-13 15:19:27', 1),
	(46, '经纪人返点记录', 43, 2, 4, 'user/managerRebateList', '', 1, 1, 1, '2017-03-13 15:20:16', 1, '2017-03-14 14:42:48', 1),
	(47, '管理员返点记录', 43, 2, 5, 'user/adminRebateList', '', 1, 1, 1, '2017-03-14 14:43:05', 1, '2017-03-14 14:43:05', 1),
	(48, '微会员公众号记录', 43, 2, 6, 'record/ringWechatList', '', 1, 1, 1, '2017-03-14 18:07:23', 1, '2017-03-15 17:42:52', 1),
	(49, '管理员列表', 37, 2, 6, 'admin/myAdminuserList', '', 1, 1, 1, '2017-03-15 11:55:23', 1, '2017-03-15 11:55:23', 1),
	(50, '用户头寸统计记录', 43, 2, 7, 'record/depositList', '', 1, 1, 1, '2017-03-16 14:03:46', 1, '2017-03-16 14:04:52', 1),
	(51, '系统公告', 1, 2, 5, 'article/notice', '', 1, 1, 1, '2017-03-22 18:30:23', 1, '2017-03-22 18:30:23', 1),
	(52, '赠金记录', 9, 2, 8, 'user/giveMoneyList', '', 1, 1, 1, '2017-03-28 14:42:15', 1, '2017-03-28 14:42:15', 1),
	(53, '公众号消息列表', 43, 2, 8, 'record/newsWechat', '', 1, 1, 1, '2017-04-08 09:40:56', 1, '2017-04-08 09:40:56', 1),
	(54, '变更经纪人列表', 11, 2, 7, 'user/updateManager', '', 1, 1, 1, '2017-04-13 18:02:13', 1, '2017-04-13 18:02:13', 1),
	(55, '人工风险', 26, 2, 2, 'risk/control', '', 1, 1, 1, '2018-01-20 18:59:13', 1, '2018-01-20 18:59:21', 1);
/*!40000 ALTER TABLE `admin_menu` ENABLE KEYS */;


-- Dumping structure for table tiantian.admin_user
DROP TABLE IF EXISTS `admin_user`;
CREATE TABLE IF NOT EXISTS `admin_user` (
  `id` int(11) NOT NULL AUTO_INCREMENT,
  `username` varchar(30) NOT NULL COMMENT '账号',
  `password` varchar(80) NOT NULL COMMENT '密码',
  `realname` varchar(30) NOT NULL DEFAULT '' COMMENT '真名',
  `pid` int(11) DEFAULT '0' COMMENT '上级',
  `power` int(11) DEFAULT '10000' COMMENT '权力值',
  `mobile` varchar(11) DEFAULT NULL COMMENT '手机号',
  `state` tinyint(4) DEFAULT '1' COMMENT '状态',
  `created_at` datetime DEFAULT NULL,
  `created_by` int(11) DEFAULT NULL,
  `updated_at` datetime DEFAULT NULL,
  `updated_by` int(11) DEFAULT NULL,
  PRIMARY KEY (`id`),
  UNIQUE KEY `username` (`username`) USING BTREE
) ENGINE=InnoDB AUTO_INCREMENT=9 DEFAULT CHARSET=utf8 COMMENT='后台用户表';

-- Dumping data for table tiantian.admin_user: ~8 rows (approximately)
/*!40000 ALTER TABLE `admin_user` DISABLE KEYS */;
INSERT INTO `admin_user` (`id`, `username`, `password`, `realname`, `pid`, `power`, `mobile`, `state`, `created_at`, `created_by`, `updated_at`, `updated_by`) VALUES
	(1, 'ChisWill', '$2y$13$e5m2stZQfqCLLeTZbsO5Ve658hnPf1OJGDEqSvwUAD8MlNGGpqcxy', 'ChisWill', 0, 10000, '13915922200', 1, '2016-08-06 23:36:12', 0, '2017-04-11 18:13:22', 1),
	(2, 'admin', '$2y$13$e5m2stZQfqCLLeTZbsO5Ve658hnPf1OJGDEqSvwUAD8MlNGGpqcxy', 'admin', 0, 9999, '13825060143', 1, '2016-10-26 17:41:00', 2, '2017-04-21 14:11:21', 2),
	(3, '结算会员', '$2y$13$.tK1.88Oa.cPYPBTc25FRezudlaW78DNPOSyQcHKNwCdoRDQ3Nf8G', '结算会员', 2, 9998, '13915922200', 1, '2017-03-13 11:47:26', 2, '2017-03-13 11:47:26', 2),
	(4, '运营中心', '$2y$13$.tK1.88Oa.cPYPBTc25FRezudlaW78DNPOSyQcHKNwCdoRDQ3Nf8G', '运营中心', 3, 9997, '13915922200', 1, '2017-03-13 11:48:08', 2, '2017-03-13 11:48:08', 2),
	(5, '微会员', '$2y$13$.tK1.88Oa.cPYPBTc25FRezudlaW78DNPOSyQcHKNwCdoRDQ3Nf8G', '微会员', 4, 9996, '18697999997', 1, '2017-03-13 11:48:51', 2, '2017-04-26 13:22:32', 5),
	(6, '微圈', '$2y$13$S5MYW08iV/W9ujUQP5Gl1uHhdRx.5iBwAWVvVX0v8sTXOAwWbRRFy', '微圈', 5, 9995, '13945677777', 1, '2017-04-26 16:03:39', 2, '2017-04-26 16:03:39', 2),
	(7, '客服', '$2y$13$.tK1.88Oa.cPYPBTc25FRezudlaW78DNPOSyQcHKNwCdoRDQ3Nf8G', '客服', 0, 9999, '13915922200', 1, '2017-03-15 11:58:08', 2, '2017-04-10 13:50:14', 7),
	(8, '财务', '$2y$13$.tK1.88Oa.cPYPBTc25FRezudlaW78DNPOSyQcHKNwCdoRDQ3Nf8G', '财务', 0, 9999, '13915922200', 1, '2017-03-16 16:37:17', 2, '2017-04-25 12:08:11', 8);
/*!40000 ALTER TABLE `admin_user` ENABLE KEYS */;


-- Dumping structure for table tiantian.article
DROP TABLE IF EXISTS `article`;
CREATE TABLE IF NOT EXISTS `article` (
  `id` int(11) NOT NULL AUTO_INCREMENT,
  `title` varchar(50) NOT NULL COMMENT '标题',
  `content` text NOT NULL COMMENT '内容',
  `publish_time` datetime NOT NULL COMMENT '发生时间',
  `category` tinyint(4) DEFAULT '1' COMMENT '分类',
  `admin_id` int(10) DEFAULT '0' COMMENT '公众号id',
  `state` tinyint(4) DEFAULT '1' COMMENT '状态',
  `created_at` datetime DEFAULT NULL COMMENT '发布时间',
  `created_by` int(11) DEFAULT NULL COMMENT '发布人',
  `updated_at` datetime DEFAULT NULL COMMENT '更新时间',
  `updated_by` int(11) DEFAULT NULL COMMENT '修改人',
  PRIMARY KEY (`id`)
) ENGINE=InnoDB DEFAULT CHARSET=utf8 COMMENT='资讯表';

-- Dumping data for table tiantian.article: ~0 rows (approximately)
/*!40000 ALTER TABLE `article` DISABLE KEYS */;
/*!40000 ALTER TABLE `article` ENABLE KEYS */;


-- Dumping structure for table tiantian.auth_assignment
DROP TABLE IF EXISTS `auth_assignment`;
CREATE TABLE IF NOT EXISTS `auth_assignment` (
  `item_name` varchar(64) COLLATE utf8_unicode_ci NOT NULL,
  `user_id` varchar(64) COLLATE utf8_unicode_ci NOT NULL,
  `created_at` int(11) DEFAULT NULL,
  PRIMARY KEY (`item_name`,`user_id`),
  CONSTRAINT `auth_assignment_ibfk_1` FOREIGN KEY (`item_name`) REFERENCES `auth_item` (`name`) ON DELETE CASCADE ON UPDATE CASCADE
) ENGINE=InnoDB DEFAULT CHARSET=utf8 COLLATE=utf8_unicode_ci;

-- Dumping data for table tiantian.auth_assignment: ~0 rows (approximately)
/*!40000 ALTER TABLE `auth_assignment` DISABLE KEYS */;
/*!40000 ALTER TABLE `auth_assignment` ENABLE KEYS */;


-- Dumping structure for table tiantian.auth_rule
DROP TABLE IF EXISTS `auth_rule`;
CREATE TABLE IF NOT EXISTS `auth_rule` (
  `name` varchar(64) COLLATE utf8_unicode_ci NOT NULL,
  `data` text COLLATE utf8_unicode_ci,
  `created_at` int(11) DEFAULT NULL,
  `updated_at` int(11) DEFAULT NULL,
  PRIMARY KEY (`name`)
) ENGINE=InnoDB DEFAULT CHARSET=utf8 COLLATE=utf8_unicode_ci;

-- Dumping data for table tiantian.auth_rule: ~0 rows (approximately)
/*!40000 ALTER TABLE `auth_rule` DISABLE KEYS */;
/*!40000 ALTER TABLE `auth_rule` ENABLE KEYS */;


-- Dumping structure for table tiantian.bank
DROP TABLE IF EXISTS `bank`;
CREATE TABLE IF NOT EXISTS `bank` (
  `number` int(11) NOT NULL,
  `name` varchar(255) DEFAULT NULL COMMENT '名称',
  `state` tinyint(4) DEFAULT '0' COMMENT '0无效1有效'
) ENGINE=InnoDB DEFAULT CHARSET=utf8;

-- Dumping data for table tiantian.bank: ~87 rows (approximately)
/*!40000 ALTER TABLE `bank` DISABLE KEYS */;
INSERT INTO `bank` (`number`, `name`, `state`) VALUES
	(102, '中国工商银行', 1),
	(103, '中国农业银行', 1),
	(104, '中国银行', 1),
	(105, '中国建设银行', 1),
	(201, '国家开发银行', 0),
	(202, '中国进出口银行', 0),
	(203, '中国农业发展银行', 0),
	(301, '交通银行', 1),
	(302, '中信银行', 0),
	(303, '中国光大银行', 1),
	(304, '华夏银行', 0),
	(305, '中国民生银行', 1),
	(306, '广东发展银行', 0),
	(307, '深圳发展银行', 0),
	(308, '招商银行', 1),
	(309, '兴业银行', 0),
	(310, '上海浦东发展银行', 1),
	(313, '城市商业银行', 0),
	(314, '农村商业银行', 0),
	(315, '恒丰银行', 0),
	(316, '浙商银行', 0),
	(317, '农村合作银行', 0),
	(318, '渤海银行股份有限公司', 0),
	(319, '徽商银行股份有限公司', 0),
	(320, '镇银行有限责任公司', 0),
	(401, '城市信用社', 0),
	(402, '农村信用社（含北京农村商业银行）', 0),
	(403, '中国邮政储蓄银行', 1),
	(501, '汇丰银行', 0),
	(502, '东亚银行', 0),
	(503, '南洋商业银行', 0),
	(504, '恒生银行（中国）有限公司', 0),
	(505, '中国银行（香港）有限公司', 0),
	(506, '集友银行有限公司', 0),
	(507, '创业银行有限公司', 0),
	(509, '星展银行（中国）有限公司', 0),
	(510, '永亨银行（中国）有限公司', 0),
	(512, '永隆银行', 0),
	(531, '花旗银行（中国）有限公司', 0),
	(532, '美国银行有限公司', 0),
	(533, '摩根大通银行（中国）有限公司', 0),
	(561, '三菱东京日联银行（中国）有限公司', 0),
	(563, '日本三井住友银行股份有限公司', 0),
	(564, '瑞穗实业银行（中国）有限公司', 0),
	(565, '日本山口银行股份有限公司', 0),
	(591, '韩国外换银行股份有限公司', 0),
	(593, '友利银行（中国）有限公司', 0),
	(591, '韩国外换银行股份有限公司', 0),
	(594, '韩国产业银行', 0),
	(595, '新韩银行（中国）有限公司', 0),
	(596, '韩国中小企业银行有限公司', 0),
	(597, '韩亚银行（中国）有限公司', 0),
	(621, '华侨银行（中国）有限公司', 0),
	(622, '大华银行（中国）有限公司', 0),
	(623, '星展银行（中国）有限公司', 0),
	(631, '泰国盘谷银行（大众有限公司）', 0),
	(641, '奥地利中央合作银行股份有限公司', 0),
	(651, '比利时联合银行股份有限公司', 0),
	(652, '比利时富通银行有限公司', 0),
	(661, '荷兰银行', 0),
	(662, '荷兰安智银行股份有限公司', 0),
	(671, '渣打银行', 0),
	(672, '英国苏格兰皇家银行公众有限公司', 0),
	(691, '法国兴业银行（中国）有限公司', 0),
	(694, '法国东方汇理银行股份有限公司', 0),
	(695, '法国外贸银行股份有限公司', 0),
	(711, '德国德累斯登银行股份有限公司', 0),
	(712, '德意志银行（中国）有限公司', 0),
	(713, '德国商业银行股份有限公司', 0),
	(714, '德国西德银行股份有限公司', 0),
	(715, '德国巴伐利亚州银行', 0),
	(716, '德国北德意志州银行', 0),
	(732, '意大利联合圣保罗银行股份有限公司', 0),
	(741, '瑞士信贷银行股份有限公司', 0),
	(742, '瑞士银行', 0),
	(751, '加拿大丰业银行有限公司', 0),
	(752, '加拿大蒙特利尔银行有限公司', 0),
	(761, '澳大利亚和新西兰银行集团有限公司', 0),
	(771, '摩根士丹利国际银行（中国）有限公司', 0),
	(775, '联合银行（中国）有限公司', 0),
	(776, '荷兰合作银行有限公司', 0),
	(781, '厦门国际银行', 0),
	(782, '法国巴黎银行（中国）有限公司', 0),
	(785, '华商银行', 0),
	(787, '华一银行', 0),
	(969, '（澳门地区）银行', 0),
	(989, '（香港地区）银行', 0);
/*!40000 ALTER TABLE `bank` ENABLE KEYS */;


-- Dumping structure for table tiantian.coupon
DROP TABLE IF EXISTS `coupon`;
CREATE TABLE IF NOT EXISTS `coupon` (
  `id` int(11) NOT NULL AUTO_INCREMENT,
  `desc` varchar(50) NOT NULL COMMENT '描述',
  `remark` text COMMENT '备注信息',
  `amount` decimal(11,2) NOT NULL COMMENT '额度',
  `coupon_type` int(11) DEFAULT '0' COMMENT '优惠劵类型',
  `valid_day` int(11) NOT NULL COMMENT '有效时间（天）',
  PRIMARY KEY (`id`),
  UNIQUE KEY `amount` (`amount`,`coupon_type`)
) ENGINE=InnoDB DEFAULT CHARSET=utf8 COMMENT='优惠券表';

-- Dumping data for table tiantian.coupon: ~0 rows (approximately)
/*!40000 ALTER TABLE `coupon` DISABLE KEYS */;
/*!40000 ALTER TABLE `coupon` ENABLE KEYS */;


-- Dumping structure for table tiantian.data_all
DROP TABLE IF EXISTS `data_all`;
CREATE TABLE IF NOT EXISTS `data_all` (
  `name` varchar(20) NOT NULL COMMENT '产品名称',
  `price` varchar(20) DEFAULT '' COMMENT '当前价格',
  `time` datetime DEFAULT NULL COMMENT '当前时间',
  `diff` decimal(11,2) DEFAULT '0.00' COMMENT '涨跌值',
  `diff_rate` varchar(20) DEFAULT '0.00' COMMENT '涨跌%',
  `open` decimal(11,2) DEFAULT NULL,
  `high` decimal(11,2) DEFAULT NULL,
  `low` decimal(11,2) DEFAULT NULL,
  `close` decimal(11,2) DEFAULT NULL,
  PRIMARY KEY (`name`),
  UNIQUE KEY `name` (`name`)
) ENGINE=InnoDB DEFAULT CHARSET=utf8 COMMENT='所有产品数据汇总表';

-- Dumping data for table tiantian.data_all: ~24 rows (approximately)
/*!40000 ALTER TABLE `data_all` DISABLE KEYS */;
INSERT INTO `data_all` (`name`, `price`, `time`, `diff`, `diff_rate`, `open`, `high`, `low`, `close`) VALUES
	('a50', '9849.00', '2016-10-26 17:48:35', -37.00, '0.00', NULL, NULL, NULL, NULL),
	('ag', '3894', '2017-04-26 16:49:15', -7.00, '-0.18%', 3893.00, 3907.00, 3878.00, 3894.00),
	('cl', '48.45', '2016-10-31 19:18:04', -0.28, '0.00', NULL, NULL, NULL, NULL),
	('conc', '6624', '2018-01-27 06:00:00', 1.01, '1.55%', 6525.00, 6635.00, 6493.00, 6624.00),
	('cu0', '6397', '2017-04-26 16:46:03', -0.11, '-0.17%', 6408.00, 6440.00, 6389.00, 6397.00),
	('cu1610', '36580.00', '2016-09-02 13:54:33', 130.00, '0.00', NULL, NULL, NULL, NULL),
	('gc', '1274.9', '2016-10-31 19:18:03', -1.90, '0.00', NULL, NULL, NULL, NULL),
	('hkhsi', '23374.40', '2016-10-20 16:10:22', 69.43, '0.00', NULL, NULL, NULL, NULL),
	('ic1609', '6451.80', '2016-10-21 15:00:15', -47.20, '-1.00', NULL, NULL, NULL, NULL),
	('if1609', '3319.20', '2016-10-21 15:00:15', 1.80, '0.00', NULL, NULL, NULL, NULL),
	('longyanxiang', '6797', '2017-04-26 16:49:24', 776.00, '15.43%', 6396.00, 6799.00, 6718.00, 5029.00),
	('mila', '8978', '2018-01-27 23:40:46', 342.00, '3.85%', 8958.00, 8991.00, 8954.00, 8884.00),
	('ng', '3520', '2018-01-27 05:59:38', 73.00, '2.12%', 3437.00, 3611.00, 3410.00, 3447.00),
	('ni1609', '78450.00', '2016-09-02 13:54:30', 1360.00, '2.00', NULL, NULL, NULL, NULL),
	('oil', '476.33', '2016-12-02 11:07:27', 0.28, '0.06%', 477.09, 479.01, 475.29, 476.05),
	('rb1610', '2255.00', '2016-10-12 01:42:34', 50.00, '2.00', NULL, NULL, NULL, NULL),
	('rm1609', '2329.00', '2016-09-02 13:54:33', 32.00, '1.00', NULL, NULL, NULL, NULL),
	('ru1609', '10305.00', '2016-09-02 13:54:30', 190.00, '2.00', NULL, NULL, NULL, NULL),
	('sh000001', '3131.76', '2016-12-22 11:35:03', -5.67, '-0.18', 3132.16, 3141.37, 3128.57, 3137.43),
	('usd', '89019', '2018-01-27 05:59:58', -0.33, '-0.37%', 89353.00, 89529.00, 88716.00, 89019.00),
	('xag', '177.58', '2016-10-26 18:11:45', 0.03, '0.00', NULL, NULL, NULL, NULL),
	('xau', '134911', '2018-01-27 05:59:59', 0.85, '0.06%', 134765.00, 135719.00, 134468.00, 134911.00),
	('xhn', '7500', '2016-12-22 11:39:59', -0.14, '-0.19%', 7552.00, 7562.00, 7489.00, 7500.00),
	('xpt', '961.25', '2016-10-26 18:11:45', -2.54, '0.00', NULL, NULL, NULL, NULL);
/*!40000 ALTER TABLE `data_all` ENABLE KEYS */;


-- Dumping structure for table tiantian.data_conc
DROP TABLE IF EXISTS `data_conc`;
CREATE TABLE IF NOT EXISTS `data_conc` (
  `id` int(11) NOT NULL AUTO_INCREMENT,
  `price` varchar(30) DEFAULT NULL,
  `time` datetime DEFAULT NULL,
  PRIMARY KEY (`id`),
  UNIQUE KEY `time` (`time`)
) ENGINE=InnoDB AUTO_INCREMENT=2 DEFAULT CHARSET=utf8;

-- Dumping data for table tiantian.data_conc: ~0 rows (approximately)
/*!40000 ALTER TABLE `data_conc` DISABLE KEYS */;
INSERT INTO `data_conc` (`id`, `price`, `time`) VALUES
	(1, '6624', '2018-01-27 06:00:00');
/*!40000 ALTER TABLE `data_conc` ENABLE KEYS */;


-- Dumping structure for table tiantian.data_longyanxiang
DROP TABLE IF EXISTS `data_longyanxiang`;
CREATE TABLE IF NOT EXISTS `data_longyanxiang` (
  `id` int(11) NOT NULL AUTO_INCREMENT,
  `price` varchar(30) DEFAULT NULL,
  `time` datetime DEFAULT NULL,
  PRIMARY KEY (`id`),
  UNIQUE KEY `time` (`time`)
) ENGINE=InnoDB DEFAULT CHARSET=utf8;

-- Dumping data for table tiantian.data_longyanxiang: ~0 rows (approximately)
/*!40000 ALTER TABLE `data_longyanxiang` DISABLE KEYS */;
/*!40000 ALTER TABLE `data_longyanxiang` ENABLE KEYS */;


-- Dumping structure for table tiantian.data_mila
DROP TABLE IF EXISTS `data_mila`;
CREATE TABLE IF NOT EXISTS `data_mila` (
  `id` int(11) NOT NULL AUTO_INCREMENT,
  `price` varchar(30) DEFAULT NULL,
  `time` datetime DEFAULT NULL,
  PRIMARY KEY (`id`),
  UNIQUE KEY `time` (`time`)
) ENGINE=InnoDB DEFAULT CHARSET=utf8;

-- Dumping data for table tiantian.data_mila: ~0 rows (approximately)
/*!40000 ALTER TABLE `data_mila` DISABLE KEYS */;
/*!40000 ALTER TABLE `data_mila` ENABLE KEYS */;


-- Dumping structure for table tiantian.data_ng
DROP TABLE IF EXISTS `data_ng`;
CREATE TABLE IF NOT EXISTS `data_ng` (
  `id` int(11) NOT NULL AUTO_INCREMENT,
  `price` varchar(30) DEFAULT NULL,
  `time` datetime DEFAULT NULL,
  PRIMARY KEY (`id`),
  UNIQUE KEY `time` (`time`)
) ENGINE=InnoDB AUTO_INCREMENT=3414 DEFAULT CHARSET=utf8;

-- Dumping data for table tiantian.data_ng: ~684 rows (approximately)
/*!40000 ALTER TABLE `data_ng` DISABLE KEYS */;
INSERT INTO `data_ng` (`id`, `price`, `time`) VALUES
	(1, '3138', '2018-01-16 10:32:42'),
	(9, '3137', '2018-01-16 10:33:26'),
	(15, '3137', '2018-01-16 10:33:38'),
	(16, '3136', '2018-01-16 12:41:34'),
	(36, '3136', '2018-01-16 12:43:20'),
	(50, '3135', '2018-01-16 12:43:56'),
	(54, '3135', '2018-01-16 12:44:08'),
	(56, '3136', '2018-01-16 12:44:13'),
	(58, '3135', '2018-01-16 12:44:19'),
	(61, '3135', '2018-01-16 12:44:28'),
	(63, '3134', '2018-01-16 12:44:33'),
	(65, '3135', '2018-01-16 12:44:35'),
	(81, '3134', '2018-01-16 12:45:16'),
	(88, '3136', '2018-01-16 12:45:34'),
	(114, '3136', '2018-01-16 12:46:39'),
	(117, '3136', '2018-01-16 12:46:46'),
	(125, '3137', '2018-01-16 12:47:05'),
	(133, '3136', '2018-01-16 12:47:27'),
	(135, '3136', '2018-01-16 12:47:30'),
	(138, '3137', '2018-01-16 12:47:40'),
	(142, '3137', '2018-01-16 12:47:53'),
	(152, '3137', '2018-01-16 12:48:17'),
	(154, '3138', '2018-01-16 12:48:20'),
	(166, '3137', '2018-01-16 12:48:54'),
	(167, '3137', '2018-01-16 12:48:57'),
	(172, '3138', '2018-01-16 12:49:08'),
	(173, '3138', '2018-01-16 12:49:10'),
	(178, '3138', '2018-01-16 12:49:20'),
	(181, '3137', '2018-01-16 12:49:31'),
	(191, '3137', '2018-01-16 12:49:59'),
	(193, '3136', '2018-01-16 12:50:05'),
	(195, '3137', '2018-01-16 12:50:08'),
	(202, '3137', '2018-01-16 12:50:29'),
	(204, '3136', '2018-01-16 12:50:35'),
	(216, '3135', '2018-01-16 12:51:09'),
	(218, '3135', '2018-01-16 12:51:11'),
	(221, '3135', '2018-01-16 12:51:22'),
	(225, '3134', '2018-01-16 12:51:33'),
	(258, '3134', '2018-01-16 12:53:00'),
	(261, '3135', '2018-01-16 12:53:09'),
	(282, '3134', '2018-01-16 12:53:57'),
	(284, '3134', '2018-01-16 12:54:03'),
	(298, '3133', '2018-01-16 12:54:44'),
	(321, '3134', '2018-01-16 12:55:42'),
	(343, '3133', '2018-01-16 12:56:38'),
	(357, '3134', '2018-01-16 12:57:11'),
	(362, '3133', '2018-01-16 12:57:28'),
	(366, '3134', '2018-01-16 12:57:35'),
	(374, '3134', '2018-01-16 12:57:58'),
	(378, '3133', '2018-01-16 12:58:08'),
	(398, '3132', '2018-01-16 12:59:04'),
	(400, '3132', '2018-01-16 12:59:09'),
	(402, '3132', '2018-01-16 12:59:13'),
	(421, '3131', '2018-01-16 13:00:00'),
	(425, '3126', '2018-01-16 13:00:12'),
	(427, '3126', '2018-01-16 13:00:17'),
	(429, '3127', '2018-01-16 13:00:19'),
	(431, '3127', '2018-01-16 13:00:24'),
	(433, '3128', '2018-01-16 13:00:31'),
	(434, '3130', '2018-01-16 13:00:37'),
	(442, '3129', '2018-01-16 13:00:53'),
	(444, '3129', '2018-01-16 13:00:59'),
	(446, '3128', '2018-01-16 13:01:05'),
	(458, '3129', '2018-01-16 13:01:34'),
	(463, '3130', '2018-01-16 13:01:50'),
	(465, '3130', '2018-01-16 13:01:56'),
	(467, '3129', '2018-01-16 13:02:00'),
	(469, '3130', '2018-01-16 13:02:04'),
	(471, '3131', '2018-01-16 13:02:10'),
	(475, '3131', '2018-01-16 13:02:21'),
	(479, '3131', '2018-01-16 13:02:32'),
	(488, '3132', '2018-01-16 13:02:52'),
	(490, '3132', '2018-01-16 13:03:01'),
	(502, '3133', '2018-01-16 13:03:29'),
	(505, '3131', '2018-01-16 13:03:37'),
	(506, '3131', '2018-01-16 13:03:38'),
	(508, '3130', '2018-01-16 13:03:46'),
	(512, '3130', '2018-01-16 13:03:57'),
	(514, '3130', '2018-01-16 13:03:58'),
	(519, '3129', '2018-01-16 13:04:13'),
	(523, '3129', '2018-01-16 13:04:23'),
	(525, '3128', '2018-01-16 13:04:29'),
	(537, '3128', '2018-01-16 13:04:58'),
	(542, '3128', '2018-01-16 13:05:11'),
	(545, '3127', '2018-01-16 13:05:22'),
	(553, '3126', '2018-01-16 13:05:41'),
	(555, '3125', '2018-01-16 13:05:45'),
	(559, '3126', '2018-01-16 13:05:52'),
	(560, '3125', '2018-01-16 13:05:58'),
	(564, '3125', '2018-01-16 13:06:12'),
	(565, '3126', '2018-01-16 13:06:15'),
	(567, '3120', '2018-01-16 13:06:21'),
	(569, '3120', '2018-01-16 13:06:24'),
	(571, '3121', '2018-01-16 13:06:28'),
	(573, '3124', '2018-01-16 13:06:37'),
	(575, '3123', '2018-01-16 13:06:39'),
	(577, '3122', '2018-01-16 13:06:43'),
	(578, '3124', '2018-01-16 13:06:51'),
	(580, '3122', '2018-01-16 13:06:57'),
	(582, '3121', '2018-01-16 13:06:58'),
	(583, '3121', '2018-01-16 13:07:05'),
	(587, '3122', '2018-01-16 13:07:16'),
	(604, '3122', '2018-01-16 13:07:57'),
	(605, '3123', '2018-01-16 13:07:58'),
	(606, '3122', '2018-01-16 13:08:07'),
	(609, '3121', '2018-01-16 13:08:17'),
	(610, '3122', '2018-01-16 13:08:20'),
	(612, '3121', '2018-01-16 13:08:24'),
	(614, '3122', '2018-01-16 13:08:31'),
	(615, '3122', '2018-01-16 13:08:37'),
	(616, '3122', '2018-01-16 13:08:38'),
	(620, '3122', '2018-01-16 13:08:53'),
	(624, '3123', '2018-01-16 13:09:10'),
	(630, '3123', '2018-01-16 13:09:31'),
	(633, '3123', '2018-01-16 13:09:37'),
	(634, '3123', '2018-01-16 13:09:42'),
	(636, '3124', '2018-01-16 13:09:44'),
	(638, '3125', '2018-01-16 13:09:51'),
	(640, '3126', '2018-01-16 13:10:01'),
	(641, '3126', '2018-01-16 13:10:07'),
	(645, '3125', '2018-01-16 13:10:15'),
	(652, '3124', '2018-01-16 13:10:46'),
	(654, '3125', '2018-01-16 13:10:55'),
	(655, '3126', '2018-01-16 13:11:06'),
	(660, '3125', '2018-01-16 13:11:24'),
	(661, '3125', '2018-01-16 13:11:32'),
	(662, '3125', '2018-01-16 13:11:33'),
	(664, '3123', '2018-01-16 13:11:46'),
	(669, '3123', '2018-01-16 13:11:56'),
	(679, '3122', '2018-01-16 13:12:29'),
	(687, '3123', '2018-01-16 13:13:10'),
	(689, '3122', '2018-01-16 13:13:25'),
	(690, '3123', '2018-01-16 13:13:32'),
	(691, '3123', '2018-01-16 13:13:37'),
	(692, '3123', '2018-01-16 13:13:38'),
	(699, '3124', '2018-01-16 13:13:56'),
	(701, '3123', '2018-01-16 13:14:04'),
	(703, '3123', '2018-01-16 13:14:11'),
	(706, '3122', '2018-01-16 13:14:22'),
	(707, '3122', '2018-01-16 13:14:27'),
	(717, '3121', '2018-01-16 13:14:55'),
	(726, '3122', '2018-01-16 13:15:24'),
	(727, '3121', '2018-01-16 13:15:32'),
	(730, '3121', '2018-01-16 13:15:44'),
	(735, '3121', '2018-01-16 13:16:01'),
	(737, '3120', '2018-01-16 13:16:03'),
	(738, '3121', '2018-01-16 13:16:11'),
	(742, '3121', '2018-01-16 13:16:17'),
	(743, '3121', '2018-01-16 13:16:23'),
	(745, '3122', '2018-01-16 13:16:30'),
	(748, '3122', '2018-01-16 13:16:39'),
	(752, '3122', '2018-01-16 13:16:53'),
	(754, '3123', '2018-01-16 13:17:01'),
	(758, '3124', '2018-01-16 13:17:12'),
	(760, '3123', '2018-01-16 13:17:14'),
	(771, '3123', '2018-01-16 13:17:38'),
	(781, '3124', '2018-01-16 13:18:06'),
	(792, '3122', '2018-01-16 13:18:29'),
	(804, '3123', '2018-01-16 13:18:59'),
	(829, '3124', '2018-01-16 13:20:00'),
	(842, '3123', '2018-01-16 13:20:30'),
	(846, '3123', '2018-01-16 13:20:38'),
	(850, '3124', '2018-01-16 13:20:52'),
	(854, '3123', '2018-01-16 13:20:58'),
	(863, '3124', '2018-01-16 13:21:22'),
	(868, '3123', '2018-01-16 13:21:28'),
	(887, '3124', '2018-01-16 13:22:19'),
	(889, '3123', '2018-01-16 13:22:32'),
	(898, '3123', '2018-01-16 13:22:50'),
	(913, '3122', '2018-01-16 13:23:31'),
	(915, '3123', '2018-01-16 13:23:36'),
	(923, '3123', '2018-01-16 13:23:53'),
	(925, '3121', '2018-01-16 13:24:02'),
	(927, '3119', '2018-01-16 13:24:06'),
	(929, '3117', '2018-01-16 13:24:11'),
	(931, '3118', '2018-01-16 13:24:16'),
	(933, '3118', '2018-01-16 13:24:22'),
	(935, '3118', '2018-01-16 13:24:23'),
	(937, '3116', '2018-01-16 13:24:32'),
	(939, '3117', '2018-01-16 13:24:34'),
	(944, '3116', '2018-01-16 13:24:45'),
	(945, '3117', '2018-01-16 13:24:49'),
	(950, '3116', '2018-01-16 13:24:59'),
	(952, '3117', '2018-01-16 13:25:08'),
	(953, '3117', '2018-01-16 13:25:13'),
	(955, '3118', '2018-01-16 13:25:17'),
	(958, '3119', '2018-01-16 13:25:18'),
	(962, '3118', '2018-01-16 13:25:30'),
	(964, '3119', '2018-01-16 13:25:36'),
	(966, '3120', '2018-01-16 13:25:40'),
	(968, '3119', '2018-01-16 13:25:47'),
	(970, '3120', '2018-01-16 13:25:49'),
	(974, '3121', '2018-01-16 13:25:59'),
	(982, '3120', '2018-01-16 13:26:18'),
	(986, '3120', '2018-01-16 13:26:30'),
	(988, '3121', '2018-01-16 13:26:37'),
	(989, '3119', '2018-01-16 13:26:38'),
	(996, '3119', '2018-01-16 13:26:58'),
	(998, '3121', '2018-01-16 13:27:01'),
	(1002, '3119', '2018-01-16 13:27:13'),
	(1010, '3119', '2018-01-16 13:27:33'),
	(1012, '3120', '2018-01-16 13:27:35'),
	(1014, '3121', '2018-01-16 13:27:41'),
	(1016, '3121', '2018-01-16 13:27:44'),
	(1019, '3121', '2018-01-16 13:27:54'),
	(1028, '3122', '2018-01-16 13:28:15'),
	(1035, '3122', '2018-01-16 13:28:37'),
	(1042, '3124', '2018-01-16 13:28:58'),
	(1044, '3125', '2018-01-16 13:29:03'),
	(1046, '3126', '2018-01-16 13:29:08'),
	(1048, '3126', '2018-01-16 13:29:12'),
	(1050, '3126', '2018-01-16 13:29:16'),
	(1052, '3126', '2018-01-16 13:29:21'),
	(1055, '3126', '2018-01-16 13:29:27'),
	(1056, '3126', '2018-01-16 13:29:31'),
	(1059, '3126', '2018-01-16 13:29:37'),
	(1060, '3126', '2018-01-16 13:29:43'),
	(1062, '3126', '2018-01-16 13:29:44'),
	(1064, '3126', '2018-01-16 13:29:53'),
	(1066, '3126', '2018-01-16 13:29:57'),
	(1071, '3125', '2018-01-16 13:30:06'),
	(1073, '3126', '2018-01-16 13:30:18'),
	(1075, '3125', '2018-01-16 13:30:20'),
	(1077, '3127', '2018-01-16 13:30:31'),
	(1078, '3128', '2018-01-16 13:30:40'),
	(1081, '3126', '2018-01-16 13:30:47'),
	(1083, '3126', '2018-01-16 13:30:50'),
	(1091, '3125', '2018-01-16 13:31:20'),
	(1096, '3125', '2018-01-16 13:31:30'),
	(1098, '3124', '2018-01-16 13:31:32'),
	(1105, '3125', '2018-01-16 13:31:56'),
	(1109, '3126', '2018-01-16 13:32:04'),
	(1111, '3125', '2018-01-16 13:32:13'),
	(1113, '3126', '2018-01-16 13:32:17'),
	(1117, '3125', '2018-01-16 13:32:25'),
	(1123, '3126', '2018-01-16 13:32:39'),
	(1127, '3126', '2018-01-16 13:32:48'),
	(1131, '3125', '2018-01-16 13:32:59'),
	(1135, '3124', '2018-01-16 13:33:11'),
	(1137, '3125', '2018-01-16 13:33:16'),
	(1145, '3125', '2018-01-16 13:33:37'),
	(1149, '3125', '2018-01-16 13:33:45'),
	(1163, '3124', '2018-01-16 13:34:27'),
	(1169, '3124', '2018-01-16 13:34:40'),
	(1173, '3124', '2018-01-16 13:34:52'),
	(1177, '3124', '2018-01-16 13:35:01'),
	(1189, '3125', '2018-01-16 13:35:29'),
	(1194, '3124', '2018-01-16 13:35:42'),
	(1197, '3124', '2018-01-16 13:35:52'),
	(1203, '3125', '2018-01-16 13:36:05'),
	(1209, '3123', '2018-01-16 13:36:21'),
	(1211, '3124', '2018-01-16 13:36:24'),
	(1213, '3123', '2018-01-16 13:36:32'),
	(1221, '3124', '2018-01-16 13:36:49'),
	(1227, '3124', '2018-01-16 13:37:06'),
	(1232, '3124', '2018-01-16 13:37:18'),
	(1239, '3123', '2018-01-16 13:37:34'),
	(1241, '3124', '2018-01-16 13:37:38'),
	(1242, '3123', '2018-01-16 13:37:44'),
	(1244, '3124', '2018-01-16 13:37:52'),
	(1252, '3124', '2018-01-16 13:38:12'),
	(1257, '3124', '2018-01-16 13:38:19'),
	(1259, '3124', '2018-01-16 13:38:27'),
	(1269, '3124', '2018-01-16 13:38:52'),
	(1274, '3123', '2018-01-16 13:39:03'),
	(1283, '3124', '2018-01-16 13:39:24'),
	(1285, '3124', '2018-01-16 13:39:32'),
	(1297, '3124', '2018-01-16 13:40:01'),
	(1302, '3123', '2018-01-16 13:40:16'),
	(1308, '3123', '2018-01-16 13:40:31'),
	(1311, '3124', '2018-01-16 13:40:34'),
	(1326, '3121', '2018-01-16 13:41:17'),
	(1328, '3121', '2018-01-16 13:41:21'),
	(1336, '3121', '2018-01-16 13:41:41'),
	(1343, '3121', '2018-01-16 13:42:01'),
	(1347, '3122', '2018-01-16 13:42:12'),
	(1349, '3123', '2018-01-16 13:42:16'),
	(1351, '3123', '2018-01-16 13:42:21'),
	(1354, '3123', '2018-01-16 13:42:31'),
	(1356, '3124', '2018-01-16 13:42:37'),
	(1358, '3123', '2018-01-16 13:42:42'),
	(1366, '3122', '2018-01-16 13:42:58'),
	(1369, '3121', '2018-01-16 13:43:05'),
	(1373, '3122', '2018-01-16 13:43:16'),
	(1374, '3121', '2018-01-16 13:43:20'),
	(1376, '3121', '2018-01-16 13:43:27'),
	(1380, '3119', '2018-01-16 13:43:34'),
	(1389, '3121', '2018-01-16 13:43:56'),
	(1390, '3120', '2018-01-16 13:44:00'),
	(1392, '3119', '2018-01-16 13:44:04'),
	(1395, '3119', '2018-01-16 13:44:15'),
	(1398, '3120', '2018-01-16 13:44:22'),
	(1399, '3119', '2018-01-16 13:44:28'),
	(1403, '3118', '2018-01-16 13:44:36'),
	(1406, '3118', '2018-01-16 13:44:48'),
	(1408, '3118', '2018-01-16 13:44:50'),
	(1410, '3119', '2018-01-16 13:44:56'),
	(1412, '3119', '2018-01-16 13:44:58'),
	(1414, '3119', '2018-01-16 13:45:07'),
	(1415, '3118', '2018-01-16 13:45:08'),
	(1417, '3120', '2018-01-16 13:45:17'),
	(1421, '3121', '2018-01-16 13:45:27'),
	(1425, '3119', '2018-01-16 13:45:34'),
	(1437, '3120', '2018-01-16 13:46:04'),
	(1442, '3119', '2018-01-16 13:46:19'),
	(1450, '3120', '2018-01-16 13:46:46'),
	(1452, '3120', '2018-01-16 13:46:48'),
	(1457, '3120', '2018-01-16 13:47:02'),
	(1458, '3121', '2018-01-16 13:47:07'),
	(1460, '3120', '2018-01-16 13:47:13'),
	(1462, '3120', '2018-01-16 13:47:31'),
	(1463, '3120', '2018-01-16 13:47:42'),
	(1464, '3120', '2018-01-16 13:47:50'),
	(1466, '3119', '2018-01-16 13:47:57'),
	(1470, '3120', '2018-01-16 13:48:06'),
	(1481, '3119', '2018-01-16 13:48:39'),
	(1483, '3120', '2018-01-16 13:48:45'),
	(1484, '3118', '2018-01-16 13:48:51'),
	(1486, '3119', '2018-01-16 13:49:01'),
	(1494, '3119', '2018-01-16 13:49:23'),
	(1499, '3118', '2018-01-16 13:49:42'),
	(1502, '3118', '2018-01-16 13:49:43'),
	(1505, '3119', '2018-01-16 13:49:58'),
	(1506, '3119', '2018-01-16 13:49:59'),
	(1509, '3119', '2018-01-16 13:50:17'),
	(1557, '3118', '2018-01-16 13:53:25'),
	(1559, '3117', '2018-01-16 13:53:30'),
	(1560, '3119', '2018-01-16 13:53:36'),
	(1561, '3118', '2018-01-16 13:53:39'),
	(1563, '3117', '2018-01-16 13:53:51'),
	(1564, '3117', '2018-01-16 13:53:58'),
	(1566, '3118', '2018-01-16 13:54:03'),
	(1569, '3119', '2018-01-16 13:54:17'),
	(1572, '3119', '2018-01-16 13:54:37'),
	(1573, '3119', '2018-01-16 13:54:38'),
	(1576, '3119', '2018-01-16 13:54:53'),
	(1577, '3118', '2018-01-16 13:54:54'),
	(1578, '3119', '2018-01-16 13:55:03'),
	(1579, '3119', '2018-01-16 13:55:06'),
	(1582, '3120', '2018-01-16 13:55:26'),
	(1595, '3119', '2018-01-16 13:56:18'),
	(1597, '3120', '2018-01-16 13:56:22'),
	(1604, '3119', '2018-01-16 13:56:56'),
	(1605, '3120', '2018-01-16 13:57:02'),
	(1619, '3119', '2018-01-16 13:57:57'),
	(1625, '3118', '2018-01-16 13:58:27'),
	(1627, '3119', '2018-01-16 13:58:32'),
	(1633, '3118', '2018-01-16 13:58:57'),
	(1637, '3118', '2018-01-16 13:59:05'),
	(1638, '3118', '2018-01-16 13:59:13'),
	(1642, '3119', '2018-01-16 13:59:22'),
	(1650, '3118', '2018-01-16 13:59:48'),
	(1657, '3119', '2018-01-16 14:00:05'),
	(1675, '3118', '2018-01-16 14:00:59'),
	(1676, '3118', '2018-01-16 14:01:05'),
	(1680, '3119', '2018-01-16 14:01:13'),
	(1686, '3118', '2018-01-16 14:01:34'),
	(1688, '3120', '2018-01-16 14:01:42'),
	(1705, '3120', '2018-01-16 14:02:34'),
	(1707, '3120', '2018-01-16 14:02:45'),
	(1710, '3120', '2018-01-16 14:02:57'),
	(1712, '3120', '2018-01-16 14:03:01'),
	(1716, '3120', '2018-01-16 14:03:15'),
	(1728, '3120', '2018-01-16 14:03:50'),
	(1731, '3120', '2018-01-16 14:04:02'),
	(1733, '3121', '2018-01-16 14:04:10'),
	(1736, '3120', '2018-01-16 14:04:19'),
	(1743, '3120', '2018-01-16 14:04:47'),
	(1746, '3123', '2018-01-16 14:04:56'),
	(1747, '3123', '2018-01-16 14:05:00'),
	(1750, '3122', '2018-01-16 14:05:04'),
	(1764, '3121', '2018-01-16 14:05:47'),
	(1784, '3122', '2018-01-16 14:06:57'),
	(1789, '3122', '2018-01-16 14:07:31'),
	(1793, '3122', '2018-01-16 14:07:40'),
	(1797, '3123', '2018-01-16 14:07:53'),
	(1823, '3122', '2018-01-16 14:08:56'),
	(1826, '3123', '2018-01-16 14:09:02'),
	(1832, '3123', '2018-01-16 14:09:22'),
	(1843, '3124', '2018-01-16 14:09:51'),
	(1847, '3123', '2018-01-16 14:10:03'),
	(1849, '3123', '2018-01-16 14:10:08'),
	(1862, '3122', '2018-01-16 14:10:41'),
	(1868, '3121', '2018-01-16 14:10:57'),
	(1878, '3122', '2018-01-16 14:11:25'),
	(1880, '3121', '2018-01-16 14:11:33'),
	(1886, '3121', '2018-01-16 14:11:49'),
	(1888, '3120', '2018-01-16 14:11:56'),
	(1890, '3121', '2018-01-16 14:12:03'),
	(1892, '3119', '2018-01-16 14:12:06'),
	(1897, '3120', '2018-01-16 14:12:16'),
	(1901, '3119', '2018-01-16 14:12:31'),
	(1907, '3119', '2018-01-16 14:12:48'),
	(1911, '3119', '2018-01-16 14:12:56'),
	(1912, '3119', '2018-01-16 14:13:03'),
	(1914, '3119', '2018-01-16 14:13:06'),
	(1916, '3120', '2018-01-16 14:13:13'),
	(1935, '3119', '2018-01-16 14:13:57'),
	(1938, '3120', '2018-01-16 14:14:07'),
	(1957, '3118', '2018-01-16 14:14:49'),
	(1967, '3119', '2018-01-16 14:15:14'),
	(1977, '3118', '2018-01-16 14:15:40'),
	(1978, '3118', '2018-01-16 14:15:47'),
	(1979, '3118', '2018-01-16 14:15:49'),
	(1980, '3118', '2018-01-16 14:15:54'),
	(1981, '3117', '2018-01-16 14:16:03'),
	(1983, '3117', '2018-01-16 14:16:04'),
	(1988, '3116', '2018-01-16 14:16:15'),
	(1990, '3117', '2018-01-16 14:16:18'),
	(1991, '3117', '2018-01-16 14:16:27'),
	(1997, '3117', '2018-01-16 14:16:41'),
	(2001, '3118', '2018-01-16 14:16:51'),
	(2003, '3117', '2018-01-16 14:16:57'),
	(2007, '3118', '2018-01-16 14:17:04'),
	(2009, '3118', '2018-01-16 14:17:12'),
	(2013, '3117', '2018-01-16 14:17:23'),
	(2017, '3118', '2018-01-16 14:17:32'),
	(2023, '3118', '2018-01-16 14:17:47'),
	(2025, '3120', '2018-01-16 14:17:51'),
	(2033, '3120', '2018-01-16 14:18:11'),
	(2037, '3122', '2018-01-16 14:18:23'),
	(2043, '3122', '2018-01-16 14:18:38'),
	(2047, '3122', '2018-01-16 14:18:47'),
	(2050, '3122', '2018-01-16 14:18:51'),
	(2052, '3122', '2018-01-16 14:18:55'),
	(2062, '3120', '2018-01-16 14:19:27'),
	(2069, '3120', '2018-01-16 14:19:40'),
	(2071, '3121', '2018-01-16 14:19:46'),
	(2077, '3120', '2018-01-16 14:20:00'),
	(2083, '3120', '2018-01-16 14:20:18'),
	(2088, '3121', '2018-01-16 14:20:25'),
	(2092, '3121', '2018-01-16 14:20:35'),
	(2099, '3121', '2018-01-16 14:20:52'),
	(2102, '3120', '2018-01-16 14:21:03'),
	(2107, '3121', '2018-01-16 14:21:15'),
	(2111, '3122', '2018-01-16 14:21:30'),
	(2113, '3120', '2018-01-16 14:21:34'),
	(2122, '3120', '2018-01-16 14:21:59'),
	(2130, '3121', '2018-01-16 14:22:28'),
	(2135, '3120', '2018-01-16 14:22:49'),
	(2146, '3120', '2018-01-16 14:23:28'),
	(2147, '3119', '2018-01-16 14:23:29'),
	(2149, '3119', '2018-01-16 14:23:36'),
	(2153, '3118', '2018-01-16 14:23:46'),
	(2160, '3120', '2018-01-16 14:24:07'),
	(2171, '3119', '2018-01-16 14:24:38'),
	(2173, '3119', '2018-01-16 14:24:41'),
	(2175, '3119', '2018-01-16 14:24:45'),
	(2184, '3119', '2018-01-16 14:25:06'),
	(2188, '3118', '2018-01-16 14:25:17'),
	(2196, '3119', '2018-01-16 14:25:37'),
	(2203, '3118', '2018-01-16 14:25:58'),
	(2206, '3118', '2018-01-16 14:26:03'),
	(2210, '3119', '2018-01-16 14:26:10'),
	(2211, '3118', '2018-01-16 14:26:16'),
	(2212, '3119', '2018-01-16 14:26:23'),
	(2215, '3118', '2018-01-16 14:26:33'),
	(2216, '3117', '2018-01-16 14:26:39'),
	(2218, '3118', '2018-01-16 14:26:48'),
	(2220, '3117', '2018-01-16 14:26:55'),
	(2222, '3116', '2018-01-16 14:27:03'),
	(2225, '3115', '2018-01-16 14:27:09'),
	(2229, '3117', '2018-01-16 14:27:20'),
	(2231, '3117', '2018-01-16 14:27:28'),
	(2235, '3116', '2018-01-16 14:27:37'),
	(2237, '3116', '2018-01-16 14:27:42'),
	(2239, '3116', '2018-01-16 14:27:49'),
	(2241, '3116', '2018-01-16 14:27:51'),
	(2242, '3116', '2018-01-16 14:27:56'),
	(2253, '3117', '2018-01-16 14:28:28'),
	(2255, '3119', '2018-01-16 14:28:33'),
	(2258, '3118', '2018-01-16 14:28:35'),
	(2260, '3118', '2018-01-16 14:28:43'),
	(2265, '3118', '2018-01-16 14:28:54'),
	(2272, '3117', '2018-01-16 14:29:17'),
	(2277, '3117', '2018-01-16 14:29:36'),
	(2279, '3116', '2018-01-16 14:29:43'),
	(2281, '3116', '2018-01-16 14:29:47'),
	(2285, '3116', '2018-01-16 14:29:58'),
	(2287, '3117', '2018-01-16 14:30:00'),
	(2293, '3116', '2018-01-16 14:30:15'),
	(2297, '3117', '2018-01-16 14:30:27'),
	(2310, '3116', '2018-01-16 14:30:57'),
	(2319, '3117', '2018-01-16 14:31:24'),
	(2328, '3117', '2018-01-16 14:31:47'),
	(2334, '3117', '2018-01-16 14:32:02'),
	(2339, '3117', '2018-01-16 14:32:18'),
	(2341, '3117', '2018-01-16 14:32:20'),
	(2343, '3117', '2018-01-16 14:32:27'),
	(2349, '3117', '2018-01-16 14:32:44'),
	(2356, '3117', '2018-01-16 14:33:08'),
	(2388, '3117', '2018-01-16 14:34:32'),
	(2389, '3117', '2018-01-16 14:34:39'),
	(2394, '3118', '2018-01-16 14:34:50'),
	(2400, '3118', '2018-01-16 14:35:08'),
	(2421, '3117', '2018-01-16 14:36:03'),
	(2428, '3118', '2018-01-16 14:36:14'),
	(2431, '3119', '2018-01-16 14:36:27'),
	(2436, '3118', '2018-01-16 14:36:41'),
	(2437, '3118', '2018-01-16 14:36:45'),
	(2441, '3118', '2018-01-16 14:36:57'),
	(2442, '3118', '2018-01-16 14:37:01'),
	(2445, '3118', '2018-01-16 14:37:08'),
	(2451, '3119', '2018-01-16 14:37:28'),
	(2479, '3119', '2018-01-16 14:38:41'),
	(2481, '3119', '2018-01-16 14:38:46'),
	(2483, '3119', '2018-01-16 14:38:53'),
	(2485, '3118', '2018-01-16 14:38:56'),
	(2486, '3118', '2018-01-16 14:39:01'),
	(2489, '3118', '2018-01-16 14:39:13'),
	(2491, '3118', '2018-01-16 14:39:15'),
	(2497, '3118', '2018-01-16 14:39:38'),
	(2504, '3118', '2018-01-16 14:39:56'),
	(2508, '3117', '2018-01-16 14:40:04'),
	(2511, '3118', '2018-01-16 14:40:14'),
	(2517, '3119', '2018-01-16 14:40:33'),
	(2521, '3117', '2018-01-16 14:40:40'),
	(2523, '3118', '2018-01-16 14:40:46'),
	(2528, '3119', '2018-01-16 14:41:02'),
	(2551, '3120', '2018-01-16 14:42:04'),
	(2561, '3120', '2018-01-16 14:42:24'),
	(2563, '3122', '2018-01-16 14:42:33'),
	(2564, '3121', '2018-01-16 14:42:36'),
	(2568, '3121', '2018-01-16 14:42:45'),
	(2569, '3121', '2018-01-16 14:42:51'),
	(2574, '3120', '2018-01-16 14:43:00'),
	(2582, '3120', '2018-01-16 14:43:25'),
	(2596, '3120', '2018-01-16 14:44:08'),
	(2606, '3120', '2018-01-16 14:44:40'),
	(2609, '3119', '2018-01-16 14:44:49'),
	(2617, '3118', '2018-01-16 14:45:11'),
	(2633, '3120', '2018-01-16 14:45:58'),
	(2634, '3120', '2018-01-16 14:46:00'),
	(2635, '3119', '2018-01-16 14:46:04'),
	(2640, '3120', '2018-01-16 14:46:22'),
	(2654, '3119', '2018-01-16 14:46:56'),
	(2673, '3120', '2018-01-16 14:47:53'),
	(2676, '3120', '2018-01-16 14:48:01'),
	(2683, '3120', '2018-01-16 14:48:22'),
	(2684, '3120', '2018-01-16 14:48:29'),
	(2686, '3120', '2018-01-16 14:48:34'),
	(2688, '3120', '2018-01-16 14:48:35'),
	(2690, '3120', '2018-01-16 14:48:41'),
	(2715, '3121', '2018-01-16 14:49:50'),
	(2717, '3121', '2018-01-16 14:49:58'),
	(2723, '3122', '2018-01-16 14:50:12'),
	(2724, '3120', '2018-01-16 14:50:17'),
	(2728, '3121', '2018-01-16 14:50:25'),
	(2731, '3121', '2018-01-16 14:50:35'),
	(2737, '3121', '2018-01-16 14:50:54'),
	(2741, '3121', '2018-01-16 14:51:08'),
	(2744, '3121', '2018-01-16 14:51:16'),
	(2746, '3121', '2018-01-16 14:51:23'),
	(2749, '3120', '2018-01-16 14:51:33'),
	(2750, '3120', '2018-01-16 14:51:39'),
	(2759, '3120', '2018-01-16 14:52:01'),
	(2763, '3120', '2018-01-16 14:52:11'),
	(2764, '3121', '2018-01-16 14:52:15'),
	(2771, '3121', '2018-01-16 14:52:37'),
	(2783, '3122', '2018-01-16 14:53:20'),
	(2786, '3121', '2018-01-16 14:53:33'),
	(2796, '3120', '2018-01-16 14:53:56'),
	(2799, '3121', '2018-01-16 14:54:08'),
	(2801, '3120', '2018-01-16 14:54:12'),
	(2809, '3121', '2018-01-16 14:54:31'),
	(2819, '3120', '2018-01-16 14:54:57'),
	(2825, '3120', '2018-01-16 14:55:10'),
	(2828, '3120', '2018-01-16 14:55:21'),
	(2832, '3121', '2018-01-16 14:55:31'),
	(2843, '3119', '2018-01-16 14:55:58'),
	(2844, '3120', '2018-01-16 14:56:02'),
	(2848, '3120', '2018-01-16 14:56:13'),
	(2852, '3119', '2018-01-16 14:56:19'),
	(2859, '3120', '2018-01-16 14:56:43'),
	(2861, '3118', '2018-01-16 14:56:44'),
	(2866, '3120', '2018-01-16 14:56:58'),
	(2874, '3119', '2018-01-16 14:57:24'),
	(2880, '3119', '2018-01-16 14:57:34'),
	(2889, '3119', '2018-01-16 14:57:58'),
	(2913, '3120', '2018-01-16 14:58:58'),
	(2937, '3119', '2018-01-16 14:59:58'),
	(2938, '3120', '2018-01-16 15:00:03'),
	(2940, '3119', '2018-01-16 15:00:05'),
	(2955, '3120', '2018-01-16 15:00:46'),
	(3005, '3119', '2018-01-16 15:02:58'),
	(3009, '3118', '2018-01-16 15:03:06'),
	(3023, '3117', '2018-01-16 15:03:44'),
	(3028, '3116', '2018-01-16 15:03:59'),
	(3032, '3117', '2018-01-16 15:04:07'),
	(3036, '3116', '2018-01-16 15:04:17'),
	(3038, '3117', '2018-01-16 15:04:21'),
	(3042, '3116', '2018-01-16 15:04:32'),
	(3043, '3117', '2018-01-16 15:04:38'),
	(3053, '3116', '2018-01-16 15:04:59'),
	(3057, '3115', '2018-01-16 15:05:10'),
	(3059, '3115', '2018-01-16 15:05:16'),
	(3068, '3117', '2018-01-16 15:05:44'),
	(3084, '3116', '2018-01-16 15:06:24'),
	(3100, '3116', '2018-01-16 15:07:00'),
	(3101, '3117', '2018-01-16 15:07:09'),
	(3106, '3117', '2018-01-16 15:07:21'),
	(3119, '3116', '2018-01-16 15:07:59'),
	(3126, '3115', '2018-01-16 15:08:19'),
	(3132, '3115', '2018-01-16 15:08:33'),
	(3134, '3115', '2018-01-16 15:08:39'),
	(3136, '3112', '2018-01-16 15:08:44'),
	(3138, '3112', '2018-01-16 15:08:46'),
	(3139, '3113', '2018-01-16 15:08:52'),
	(3141, '3112', '2018-01-16 15:08:59'),
	(3143, '3112', '2018-01-16 15:09:04'),
	(3146, '3112', '2018-01-16 15:09:10'),
	(3149, '3113', '2018-01-16 15:09:17'),
	(3151, '3113', '2018-01-16 15:09:21'),
	(3158, '3113', '2018-01-16 15:09:41'),
	(3160, '3113', '2018-01-16 15:09:49'),
	(3163, '3112', '2018-01-16 15:09:59'),
	(3165, '3112', '2018-01-16 15:10:04'),
	(3166, '3111', '2018-01-16 15:10:09'),
	(3170, '3109', '2018-01-16 15:10:17'),
	(3171, '3108', '2018-01-16 15:10:22'),
	(3174, '3108', '2018-01-16 15:10:29'),
	(3175, '3109', '2018-01-16 15:10:33'),
	(3176, '3110', '2018-01-16 15:10:37'),
	(3177, '3110', '2018-01-16 15:10:43'),
	(3178, '3110', '2018-01-16 15:10:47'),
	(3182, '3110', '2018-01-16 15:10:57'),
	(3183, '3112', '2018-01-16 15:11:02'),
	(3185, '3112', '2018-01-16 15:11:08'),
	(3187, '3112', '2018-01-16 15:11:14'),
	(3188, '3111', '2018-01-16 15:11:18'),
	(3192, '3111', '2018-01-16 15:11:29'),
	(3194, '3110', '2018-01-16 15:11:30'),
	(3195, '3110', '2018-01-16 15:11:37'),
	(3196, '3110', '2018-01-16 15:11:42'),
	(3201, '3111', '2018-01-16 15:11:57'),
	(3206, '3111', '2018-01-16 15:12:12'),
	(3210, '3111', '2018-01-16 15:12:21'),
	(3214, '3111', '2018-01-16 15:12:33'),
	(3216, '3110', '2018-01-16 15:12:43'),
	(3220, '3111', '2018-01-16 15:12:50'),
	(3221, '3111', '2018-01-16 15:12:57'),
	(3226, '3112', '2018-01-16 15:13:13'),
	(3233, '3111', '2018-01-16 15:13:33'),
	(3237, '3112', '2018-01-16 15:13:44'),
	(3241, '3112', '2018-01-16 15:13:54'),
	(3244, '3111', '2018-01-16 15:14:02'),
	(3248, '3112', '2018-01-16 15:14:12'),
	(3255, '3114', '2018-01-16 15:14:32'),
	(3259, '3113', '2018-01-16 15:14:44'),
	(3261, '3113', '2018-01-16 15:14:48'),
	(3271, '3114', '2018-01-16 15:15:19'),
	(3279, '3113', '2018-01-16 15:15:56'),
	(3289, '3114', '2018-01-16 15:16:30'),
	(3295, '3113', '2018-01-16 15:16:52'),
	(3300, '3114', '2018-01-16 15:17:03'),
	(3302, '3114', '2018-01-16 15:17:08'),
	(3309, '3114', '2018-01-16 15:17:24'),
	(3312, '3115', '2018-01-16 15:17:34'),
	(3322, '3114', '2018-01-16 15:17:59'),
	(3325, '3113', '2018-01-16 15:18:03'),
	(3327, '3113', '2018-01-16 15:18:07'),
	(3329, '3114', '2018-01-16 15:18:14'),
	(3348, '3115', '2018-01-16 15:18:59'),
	(3350, '3117', '2018-01-16 15:19:04'),
	(3353, '3117', '2018-01-16 15:19:06'),
	(3355, '3118', '2018-01-16 15:19:13'),
	(3357, '3117', '2018-01-16 15:19:19'),
	(3359, '3117', '2018-01-16 15:19:21'),
	(3368, '3116', '2018-01-16 15:19:48'),
	(3370, '3115', '2018-01-16 15:19:54'),
	(3372, '3116', '2018-01-16 15:20:03'),
	(3374, '3117', '2018-01-16 15:20:05'),
	(3376, '3118', '2018-01-16 15:20:10'),
	(3382, '3117', '2018-01-16 15:20:29'),
	(3387, '3119', '2018-01-16 15:20:43'),
	(3389, '3118', '2018-01-16 15:20:49'),
	(3391, '3117', '2018-01-16 15:20:54'),
	(3393, '3118', '2018-01-16 15:20:59'),
	(3394, '3118', '2018-01-16 15:21:01'),
	(3396, '3118', '2018-01-16 15:21:09'),
	(3399, '3119', '2018-01-16 15:21:19'),
	(3401, '3119', '2018-01-16 15:21:23'),
	(3405, '3118', '2018-01-16 15:21:34'),
	(3412, '3117', '2018-01-16 15:21:53'),
	(3413, '3520', '2018-01-27 05:59:38');
/*!40000 ALTER TABLE `data_ng` ENABLE KEYS */;


-- Dumping structure for table tiantian.data_usd
DROP TABLE IF EXISTS `data_usd`;
CREATE TABLE IF NOT EXISTS `data_usd` (
  `id` int(11) NOT NULL AUTO_INCREMENT,
  `price` varchar(30) DEFAULT NULL,
  `time` datetime DEFAULT NULL,
  PRIMARY KEY (`id`),
  UNIQUE KEY `time` (`time`)
) ENGINE=InnoDB AUTO_INCREMENT=2 DEFAULT CHARSET=utf8;

-- Dumping data for table tiantian.data_usd: ~0 rows (approximately)
/*!40000 ALTER TABLE `data_usd` DISABLE KEYS */;
INSERT INTO `data_usd` (`id`, `price`, `time`) VALUES
	(1, '89019', '2018-01-27 05:59:58');
/*!40000 ALTER TABLE `data_usd` ENABLE KEYS */;


-- Dumping structure for table tiantian.data_xau
DROP TABLE IF EXISTS `data_xau`;
CREATE TABLE IF NOT EXISTS `data_xau` (
  `id` int(11) NOT NULL AUTO_INCREMENT,
  `price` varchar(30) DEFAULT NULL,
  `time` datetime DEFAULT NULL,
  PRIMARY KEY (`id`),
  UNIQUE KEY `time` (`time`)
) ENGINE=InnoDB AUTO_INCREMENT=2 DEFAULT CHARSET=utf8;

-- Dumping data for table tiantian.data_xau: ~0 rows (approximately)
/*!40000 ALTER TABLE `data_xau` DISABLE KEYS */;
INSERT INTO `data_xau` (`id`, `price`, `time`) VALUES
	(1, '134911', '2018-01-27 05:59:59');
/*!40000 ALTER TABLE `data_xau` ENABLE KEYS */;


-- Dumping structure for table tiantian.log
DROP TABLE IF EXISTS `log`;
CREATE TABLE IF NOT EXISTS `log` (
  `id` bigint(20) NOT NULL AUTO_INCREMENT,
  `level` int(11) DEFAULT NULL,
  `category` varchar(255) COLLATE utf8_unicode_ci DEFAULT NULL,
  `log_time` double DEFAULT NULL,
  `prefix` text COLLATE utf8_unicode_ci,
  `message` text COLLATE utf8_unicode_ci,
  PRIMARY KEY (`id`),
  KEY `idx_log_level` (`level`),
  KEY `idx_log_category` (`category`)
) ENGINE=InnoDB DEFAULT CHARSET=utf8 COLLATE=utf8_unicode_ci;

-- Dumping data for table tiantian.log: ~0 rows (approximately)
/*!40000 ALTER TABLE `log` DISABLE KEYS */;
/*!40000 ALTER TABLE `log` ENABLE KEYS */;


-- Dumping structure for table tiantian.migration
DROP TABLE IF EXISTS `migration`;
CREATE TABLE IF NOT EXISTS `migration` (
  `id` int(11) NOT NULL AUTO_INCREMENT,
  `version` varchar(80) NOT NULL,
  `apply_time` int(11) NOT NULL,
  PRIMARY KEY (`id`)
) ENGINE=InnoDB AUTO_INCREMENT=6 DEFAULT CHARSET=utf8 COMMENT='数据库版本迁移表';

-- Dumping data for table tiantian.migration: ~5 rows (approximately)
/*!40000 ALTER TABLE `migration` DISABLE KEYS */;
INSERT INTO `migration` (`id`, `version`, `apply_time`) VALUES
	(1, '20161129_021731_1_8QbXPA.data', 1480385851),
	(2, '20161130_070959_1_gDGope.data', 1480499011),
	(3, '20161201_033737_1_svMwUS.data', 1480586602),
	(4, '20170210_053450_1_myNgtM.data', 1486705062),
	(5, '20170320_065221_1_ZL0ydP.data', 1489997000);
/*!40000 ALTER TABLE `migration` ENABLE KEYS */;


-- Dumping structure for table tiantian.option
DROP TABLE IF EXISTS `option`;
CREATE TABLE IF NOT EXISTS `option` (
  `id` int(11) unsigned NOT NULL AUTO_INCREMENT,
  `option_name` varchar(64) NOT NULL DEFAULT '' COMMENT '配置名',
  `option_value` longtext COMMENT '配置值',
  `type` tinyint(4) DEFAULT '1' COMMENT '配置类型',
  `state` tinyint(4) DEFAULT '1',
  PRIMARY KEY (`id`),
  UNIQUE KEY `option_name` (`option_name`)
) ENGINE=InnoDB AUTO_INCREMENT=5 DEFAULT CHARSET=utf8 COMMENT='参数配置表';

-- Dumping data for table tiantian.option: ~4 rows (approximately)
/*!40000 ALTER TABLE `option` DISABLE KEYS */;
INSERT INTO `option` (`id`, `option_name`, `option_value`, `type`, `state`) VALUES
	(1, 'frontend_settings', 'a:21:{i:0;a:10:{s:2:"id";i:1;s:3:"pid";s:1:"0";s:4:"name";s:12:"网站设置";s:3:"var";N;s:5:"value";N;s:4:"type";N;s:5:"alter";N;s:7:"comment";N;s:5:"level";i:1;s:7:"uploads";a:0:{}}i:1;a:10:{s:2:"id";i:15;s:3:"pid";s:1:"0";s:4:"name";s:12:"参数设置";s:3:"var";N;s:5:"value";N;s:4:"type";N;s:5:"alter";N;s:7:"comment";N;s:5:"level";i:1;s:7:"uploads";a:0:{}}i:2;a:10:{s:2:"id";i:2;s:3:"pid";s:1:"1";s:4:"name";s:12:"公共设置";s:3:"var";N;s:5:"value";N;s:4:"type";N;s:5:"alter";N;s:7:"comment";N;s:5:"level";i:2;s:7:"uploads";a:0:{}}i:3;a:10:{s:2:"id";i:6;s:3:"pid";s:1:"1";s:4:"name";s:9:"SEO设置";s:3:"var";N;s:5:"value";N;s:4:"type";N;s:5:"alter";N;s:7:"comment";N;s:5:"level";i:2;s:7:"uploads";a:0:{}}i:4;a:10:{s:2:"id";i:16;s:3:"pid";s:2:"15";s:4:"name";s:12:"入金设置";s:3:"var";N;s:5:"value";N;s:4:"type";N;s:5:"alter";N;s:7:"comment";N;s:5:"level";i:2;s:7:"uploads";a:0:{}}i:5;a:10:{s:2:"id";i:3;s:3:"pid";s:1:"2";s:4:"name";s:12:"网站名称";s:3:"var";s:8:"web_name";s:5:"value";s:9:"云生活";s:4:"type";s:4:"text";s:5:"alter";N;s:7:"comment";s:12:"网站名称";s:5:"level";i:3;s:7:"uploads";a:0:{}}i:6;a:10:{s:2:"id";i:4;s:3:"pid";s:1:"2";s:4:"name";s:10:"网站LOGO";s:3:"var";s:8:"web_logo";s:5:"value";s:45:"/uploadfile/setting/20170227/170348164720.jpg";s:4:"type";s:4:"file";s:5:"alter";N;s:7:"comment";s:10:"网站LOGO";s:5:"level";i:3;s:7:"uploads";a:0:{}}i:7;a:10:{s:2:"id";i:5;s:3:"pid";s:1:"2";s:4:"name";s:12:"短信签名";s:3:"var";s:8:"web_sign";s:5:"value";s:9:"云生活";s:4:"type";s:4:"text";s:5:"alter";N;s:7:"comment";s:27:"短信签名，2-5个汉字";s:5:"level";i:3;s:7:"uploads";a:0:{}}i:8;a:10:{s:2:"id";i:7;s:3:"pid";s:1:"6";s:4:"name";s:9:"SEO开关";s:3:"var";s:11:"seo_default";s:5:"value";s:1:"1";s:4:"type";s:5:"radio";s:5:"alter";s:40:"a:2:{i:1;s:6:"开启";i:0;s:6:"关闭";}";s:7:"comment";s:33:"是否开启SEO的默认设置值";s:5:"level";i:3;s:7:"uploads";a:0:{}}i:9;a:10:{s:2:"id";i:8;s:3:"pid";s:1:"6";s:4:"name";s:9:"关键字";s:3:"var";s:7:"seo_key";s:5:"value";s:0:"";s:4:"type";s:4:"text";s:5:"alter";N;s:7:"comment";s:21:"SEO的默认关键字";s:5:"level";i:3;s:7:"uploads";a:0:{}}i:10;a:10:{s:2:"id";i:9;s:3:"pid";s:1:"6";s:4:"name";s:6:"描述";s:3:"var";s:8:"seo_desc";s:5:"value";s:0:"";s:4:"type";s:8:"textarea";s:5:"alter";N;s:7:"comment";s:18:"SEO的默认描述";s:5:"level";i:3;s:7:"uploads";a:0:{}}i:11;a:10:{s:2:"id";i:14;s:3:"pid";s:1:"2";s:4:"name";s:18:"首页商品交易";s:3:"var";s:14:"web_trade_time";s:5:"value";s:77:"商品时间：周一~周五上午8:00~凌晨4:00 周末紫香檀正常开市";s:4:"type";s:4:"text";s:5:"alter";N;s:7:"comment";s:12:"商品时间";s:5:"level";i:3;s:7:"uploads";a:0:{}}i:13;a:10:{s:2:"id";i:18;s:3:"pid";s:2:"16";s:4:"name";s:18:"微信手续费(%)";s:3:"var";s:14:"web_wechat_fee";s:5:"value";s:1:"2";s:4:"type";s:4:"text";s:5:"alter";N;s:7:"comment";s:9:"百分数";s:5:"level";i:3;s:7:"uploads";a:0:{}}i:14;a:10:{s:2:"id";i:19;s:3:"pid";s:2:"16";s:4:"name";s:18:"银联手续费(%)";s:3:"var";s:12:"web_bank_fee";s:5:"value";s:3:"0.6";s:4:"type";s:4:"text";s:5:"alter";N;s:7:"comment";s:9:"百分数";s:5:"level";i:3;s:7:"uploads";a:0:{}}i:15;a:10:{s:2:"id";i:20;s:3:"pid";s:2:"16";s:4:"name";s:27:"单品最高持仓总金额";s:3:"var";s:18:"web_product_amount";s:5:"value";s:5:"50000";s:4:"type";s:4:"text";s:5:"alter";N;s:7:"comment";s:9:"正整数";s:5:"level";i:3;s:7:"uploads";a:0:{}}i:16;a:10:{s:2:"id";i:21;s:3:"pid";s:2:"16";s:4:"name";s:18:"智付手续费(%)";s:3:"var";s:16:"web_zfwechat_fee";s:5:"value";s:1:"2";s:4:"type";s:4:"text";s:5:"alter";N;s:7:"comment";s:30:"智付微信手续费百分数";s:5:"level";i:3;s:7:"uploads";a:0:{}}i:17;a:10:{s:2:"id";i:22;s:3:"pid";s:2:"16";s:4:"name";s:21:"每笔提现手续费";s:3:"var";s:17:"web_out_money_fee";s:5:"value";s:1:"2";s:4:"type";s:4:"text";s:5:"alter";N;s:7:"comment";s:15:"提现手续费";s:5:"level";i:3;s:7:"uploads";a:0:{}}i:18;a:10:{s:2:"id";i:23;s:3:"pid";s:2:"16";s:4:"name";s:24:"当日出金最大总额";s:3:"var";s:17:"web_out_max_money";s:5:"value";s:5:"20000";s:4:"type";s:4:"text";s:5:"alter";N;s:7:"comment";s:27:"用户当日提现总额度";s:5:"level";i:3;s:7:"uploads";a:0:{}}i:19;a:10:{s:2:"id";i:24;s:3:"pid";s:2:"16";s:4:"name";s:24:"微会员提现保证金";s:3:"var";s:18:"web_member_deposit";s:5:"value";s:5:"10000";s:4:"type";s:4:"text";s:5:"alter";N;s:7:"comment";s:42:"微会员提现保证金不能低于多少";s:5:"level";i:3;s:7:"uploads";a:0:{}}i:20;a:10:{s:2:"id";i:25;s:3:"pid";s:2:"16";s:4:"name";s:15:"充值手续费";s:3:"var";s:12:"recharge_fee";s:5:"value";s:1:"2";s:4:"type";s:4:"text";s:5:"alter";N;s:7:"comment";s:9:"百分比";s:5:"level";i:3;s:7:"uploads";a:0:{}}i:21;a:10:{s:2:"id";i:26;s:3:"pid";s:2:"16";s:4:"name";s:24:"用户注册默认头像";s:3:"var";s:9:"user_face";s:5:"value";s:45:"/uploadfile/setting/20180116/144205312722.png";s:4:"type";s:4:"file";s:5:"alter";N;s:7:"comment";s:24:"用户注册默认头像";s:5:"level";i:3;s:7:"uploads";a:0:{}}}', 1, 1),
	(2, 'risk_switch', 's:1:"0";', 2, 1),
	(3, 'risk_product', 'a:3:{s:3:"cu0";s:1:"0";s:4:"conc";s:1:"0";s:12:"longyanxiang";s:1:"0";}', 2, 1),
	(4, 'console_settings', 'a:0:{}', 1, 1);
/*!40000 ALTER TABLE `option` ENABLE KEYS */;


-- Dumping structure for table tiantian.order
DROP TABLE IF EXISTS `order`;
CREATE TABLE IF NOT EXISTS `order` (
  `id` int(11) NOT NULL AUTO_INCREMENT,
  `user_id` int(11) NOT NULL,
  `product_id` int(11) NOT NULL COMMENT '买卖品类',
  `hand` int(11) NOT NULL COMMENT '手数',
  `price` decimal(11,2) NOT NULL COMMENT '买入价',
  `one_profit` decimal(11,2) NOT NULL COMMENT '一手盈亏',
  `fee` decimal(11,1) DEFAULT '0.0' COMMENT '手续费',
  `stop_profit_price` decimal(11,2) DEFAULT '0.00' COMMENT '止盈金额',
  `stop_profit_point` decimal(11,2) DEFAULT '0.00' COMMENT '止盈点数',
  `stop_loss_price` decimal(11,2) DEFAULT '0.00' COMMENT '止损金额',
  `stop_loss_point` decimal(11,2) DEFAULT '0.00' COMMENT '止损点数',
  `deposit` decimal(11,2) DEFAULT '0.00' COMMENT '保证金',
  `rise_fall` tinyint(4) DEFAULT '1' COMMENT '涨跌：1涨，2跌',
  `sell_price` decimal(11,2) DEFAULT '0.00' COMMENT '卖出价格',
  `sell_hand` int(11) DEFAULT '0' COMMENT '卖出手数',
  `sell_deposit` decimal(11,2) DEFAULT '0.00' COMMENT '卖出总价',
  `discount` decimal(11,2) DEFAULT '0.00' COMMENT '优惠金额',
  `currency` tinyint(4) DEFAULT '1' COMMENT '币种：1人民币，2美元',
  `profit` decimal(11,2) DEFAULT '0.00' COMMENT '盈亏',
  `is_console` tinyint(1) DEFAULT NULL,
  `order_state` tinyint(4) DEFAULT '1' COMMENT '持仓状态，1持仓，2抛出',
  `created_at` datetime DEFAULT NULL COMMENT '下单时间',
  `created_by` int(11) DEFAULT NULL,
  `updated_at` datetime DEFAULT NULL COMMENT '平仓时间',
  `updated_by` int(11) DEFAULT NULL,
  PRIMARY KEY (`id`),
  KEY `user_id` (`user_id`),
  KEY `product` (`product_id`)
) ENGINE=InnoDB DEFAULT CHARSET=utf8 COMMENT='订单表';

-- Dumping data for table tiantian.order: ~0 rows (approximately)
/*!40000 ALTER TABLE `order` DISABLE KEYS */;
/*!40000 ALTER TABLE `order` ENABLE KEYS */;


-- Dumping structure for table tiantian.product
DROP TABLE IF EXISTS `product`;
CREATE TABLE IF NOT EXISTS `product` (
  `id` int(11) NOT NULL AUTO_INCREMENT,
  `table_name` varchar(50) NOT NULL COMMENT '产品对应表名',
  `name` varchar(50) NOT NULL COMMENT '产品名称',
  `deposit` decimal(11,2) NOT NULL COMMENT '保证金',
  `one_profit` int(11) NOT NULL COMMENT '一手盈亏',
  `desc` varchar(50) DEFAULT '' COMMENT '产品描述',
  `fee` decimal(11,2) DEFAULT '0.00' COMMENT '手续费',
  `trade_time` text COMMENT '交易时间',
  `is_trade` tinyint(4) DEFAULT '1' COMMENT '允许交易',
  `rest_day` varchar(255) DEFAULT '' COMMENT '休市日',
  `play_rule` text COMMENT '玩法规则',
  `force_sell` tinyint(4) DEFAULT '1' COMMENT '是否强制平仓：1是，-1否',
  `currency` tinyint(4) DEFAULT '1' COMMENT '币种： 1人民币，2美元',
  `hot` tinyint(4) DEFAULT '1' COMMENT '是否是热门期货：1是，-1不是',
  `source` tinyint(4) DEFAULT '1' COMMENT '来源(1交易所2自动生成)',
  `type` tinyint(4) DEFAULT '1' COMMENT '期货类别：1国内，2国外',
  `on_sale` tinyint(4) DEFAULT '1' COMMENT '上架状态：1上架，-1下架',
  `state` tinyint(4) DEFAULT '1' COMMENT '状态',
  PRIMARY KEY (`id`),
  KEY `name` (`table_name`)
) ENGINE=MyISAM AUTO_INCREMENT=24 DEFAULT CHARSET=utf8 COMMENT='交易产品表';

-- Dumping data for table tiantian.product: 23 rows
/*!40000 ALTER TABLE `product` DISABLE KEYS */;
INSERT INTO `product` (`id`, `table_name`, `name`, `deposit`, `one_profit`, `desc`, `fee`, `trade_time`, `is_trade`, `rest_day`, `play_rule`, `force_sell`, `currency`, `hot`, `source`, `type`, `on_sale`, `state`) VALUES
	(1, 'oil', '原油', 0.00, 1000, '', 100.00, 'a:1:{i:0;a:2:{s:5:"start";s:5:"06:00";s:3:"end";s:5:"05:14";}}', 1, '', '', 1, 1, 1, 1, 1, -1, -1),
	(2, 'a50', '富时中国A50', 0.00, 5, '', 10.00, 'a:2:{i:0;a:2:{s:5:"start";s:5:"09:00";s:3:"end";s:5:"15:55";}i:1;a:2:{s:5:"start";s:5:"16:40";s:3:"end";s:5:"23:59";}}', 1, '', '', 1, 1, 10, 1, 0, -1, -1),
	(3, 'ic1609', '天燃气', 0.00, 10, '', 99999.00, NULL, 1, '', '', 1, 2, 9, 1, 0, -1, -1),
	(4, 'cu0', '紫金丝', 0.00, 200, '铜', 200.00, 'a:1:{i:0;a:2:{s:5:"start";s:5:"09:00";s:3:"end";s:5:"04:00";}}', 1, '', '', 1, 1, 50, 1, 0, -1, -1),
	(5, 'ni1609', '沪镍', 0.00, 200, '', 99999.00, 'a:1:{i:0;a:2:{s:5:"start";s:5:"15:00";s:3:"end";s:5:"16:30";}}', 1, '', '', 1, 1, 8, 1, 0, -1, -1),
	(6, 'if1609', '宝石', 0.00, 100, '', 99999.00, NULL, 1, '', '', 1, 1, 14, 1, 0, -1, -1),
	(7, 'gc', '外汇', 0.00, 600, '', 200.00, 'a:1:{i:0;a:2:{s:5:"start";s:5:"07:00";s:3:"end";s:5:"04:00";}}', 1, '', '', 1, 1, 3, 1, 1, -1, -1),
	(8, 'hkhsi', '恒生指数', 0.00, 50, '', 200.00, 'a:2:{i:0;a:2:{s:5:"start";s:5:"09:30";s:3:"end";s:5:"12:00";}i:1;a:2:{s:5:"start";s:5:"13:00";s:3:"end";s:5:"15:59";}}', 1, '', '', 1, 2, 12, 1, 1, -1, -1),
	(9, 'ag', '金丝银', 0.00, 10, '银', 100.00, 'a:1:{i:0;a:2:{s:5:"start";s:5:"09:00";s:3:"end";s:5:"04:00";}}', 1, '', '', 1, 1, 10, 1, 1, -1, -1),
	(10, 'rb1610', '天然气单位', 0.00, 300, '', 99999.00, 'a:1:{i:0;a:2:{s:5:"start";s:5:"07:00";s:3:"end";s:5:"04:00";}}', 1, '', '', 1, 1, 2, 1, 0, -1, -1),
	(11, 'rm1609', '菜粕', 0.00, 500, '', 99999.00, 'a:1:{i:0;a:2:{s:5:"start";s:5:"13:00";s:3:"end";s:5:"14:30";}}', 1, '', '', 1, 1, 7, 1, 0, -1, -1),
	(12, 'ru1609', '橡胶', 0.00, 400, '', 99999.00, NULL, 1, '', '', 1, 1, 9, 1, 0, -1, -1),
	(13, 'hkhsi', '迷你恒生', 0.00, 10, '', 10.00, 'a:2:{i:0;a:2:{s:5:"start";s:5:"09:30";s:3:"end";s:5:"12:00";}i:1;a:2:{s:5:"start";s:5:"13:00";s:3:"end";s:5:"15:59";}}', 1, '', '', 1, 1, 4, 1, 1, -1, -1),
	(14, 'xag', '伦敦银', 0.00, 10, '', 10.00, NULL, 1, '', '', 1, 1, 1, 1, 1, -1, -1),
	(15, 'xpt', '伦敦铂金', 0.00, 10, '', 10.00, NULL, 1, '', '', 1, 1, 1, 1, 1, -1, -1),
	(16, 'sh000001', 'JH上证', 100.00, 1, '', 0.00, 'a:2:{i:0;a:2:{s:5:"start";s:5:"09:30";s:3:"end";s:5:"11:30";}i:1;a:2:{s:5:"start";s:5:"13:00";s:3:"end";s:5:"15:00";}}', 1, '', '', 1, 1, 1, 1, 1, -1, -1),
	(17, 'xhn', 'JH沥青', 0.00, 10, 'xhn', 10.00, 'a:1:{i:0;a:2:{s:5:"start";s:5:"08:00";s:3:"end";s:5:"04:00";}}', 1, '', '', 1, 1, 1, 1, 1, -1, -1),
	(18, 'conc', '原油', 0.00, 0, 'YLK油', 0.00, 'a:1:{i:0;a:2:{s:5:"start";s:5:"09:00";s:3:"end";s:5:"04:00";}}', 1, '', NULL, 1, 1, 1, 1, 1, 1, 1),
	(19, 'xau', '黄金', 0.00, 0, 'HK黄金', 0.00, 'a:1:{i:0;a:2:{s:5:"start";s:5:"09:00";s:3:"end";s:5:"06:40";}}', 1, '', NULL, 1, 1, 50, 1, 1, 1, 1),
	(20, 'longyanxiang', '紫香檀', 1.00, 1, '模拟', 0.00, 'a:1:{i:0;a:2:{s:5:"start";s:5:"09:00";s:3:"end";s:5:"04:00";}}', 1, '', '', 1, 1, 10, 2, 1, -1, -1),
	(21, 'mila', '澳元', 1.00, 1, '模拟数据', 0.00, 'a:1:{i:0;a:2:{s:5:"start";s:5:"09:00";s:3:"end";s:5:"04:00";}}', 1, '', '', 1, 1, 1, 2, 1, -1, 1),
	(22, 'usd', '美元指数', 0.00, 0, '', 0.00, 'a:1:{i:0;a:2:{s:5:"start";s:5:"09:00";s:3:"end";s:5:"04:00";}}', 1, '', NULL, 1, 1, 50, 1, 1, -1, 1),
	(23, 'ng', '天然气', 0.00, 0, 'NYMEX天然气', 0.00, 'a:1:{i:0;a:2:{s:5:"start";s:5:"09:00";s:3:"end";s:5:"04:00";}}', 1, '', NULL, 1, 1, 50, 1, 1, 1, 1);
/*!40000 ALTER TABLE `product` ENABLE KEYS */;


-- Dumping structure for table tiantian.product_param
DROP TABLE IF EXISTS `product_param`;
CREATE TABLE IF NOT EXISTS `product_param` (
  `product_id` int(11) NOT NULL,
  `start_price` int(11) NOT NULL DEFAULT '1' COMMENT '起始价格',
  `end_price` int(11) NOT NULL DEFAULT '1' COMMENT '截止价格',
  `start_point` tinyint(4) NOT NULL DEFAULT '-2' COMMENT '起始点数',
  `end_point` tinyint(4) NOT NULL DEFAULT '2' COMMENT '截止点数',
  PRIMARY KEY (`product_id`)
) ENGINE=MyISAM DEFAULT CHARSET=utf8 COMMENT='产品参数';

-- Dumping data for table tiantian.product_param: 2 rows
/*!40000 ALTER TABLE `product_param` DISABLE KEYS */;
INSERT INTO `product_param` (`product_id`, `start_price`, `end_price`, `start_point`, `end_point`) VALUES
	(20, 5000, 8000, -2, 2),
	(21, 8000, 9000, -3, 3);
/*!40000 ALTER TABLE `product_param` ENABLE KEYS */;


-- Dumping structure for table tiantian.product_price
DROP TABLE IF EXISTS `product_price`;
CREATE TABLE IF NOT EXISTS `product_price` (
  `id` int(11) NOT NULL AUTO_INCREMENT,
  `product_id` int(11) NOT NULL,
  `deposit` decimal(11,2) NOT NULL COMMENT '保证金',
  `one_profit` decimal(11,2) NOT NULL COMMENT '一手盈亏',
  `fee` decimal(11,1) DEFAULT '0.0' COMMENT '手续费',
  `max_hand` int(11) DEFAULT '0' COMMENT '最大手数',
  PRIMARY KEY (`id`)
) ENGINE=InnoDB AUTO_INCREMENT=22 DEFAULT CHARSET=utf8 COMMENT='产品价格拓展表';

-- Dumping data for table tiantian.product_price: ~14 rows (approximately)
/*!40000 ALTER TABLE `product_price` DISABLE KEYS */;
INSERT INTO `product_price` (`id`, `product_id`, `deposit`, `one_profit`, `fee`, `max_hand`) VALUES
	(1, 9, 20.00, 3.00, 15.0, 6),
	(2, 9, 100.00, 5.00, 15.0, 6),
	(4, 9, 500.00, 7.00, 15.0, 6),
	(6, 18, 20.00, 5.00, 15.0, 6),
	(7, 18, 100.00, 7.00, 15.0, 6),
	(9, 18, 500.00, 10.00, 15.0, 6),
	(11, 21, 20.00, 10.00, 15.0, 6),
	(12, 21, 100.00, 15.00, 15.0, 6),
	(14, 21, 500.00, 20.00, 15.0, 6),
	(16, 20, 20.00, 10.00, 15.0, 6),
	(17, 20, 100.00, 15.00, 15.0, 6),
	(19, 20, 500.00, 20.00, 15.0, 6),
	(20, 23, 500.00, 50.00, 10.0, 10),
	(21, 23, 1000.00, 60.00, 10.0, 10);
/*!40000 ALTER TABLE `product_price` ENABLE KEYS */;


-- Dumping structure for table tiantian.retail
DROP TABLE IF EXISTS `retail`;
CREATE TABLE IF NOT EXISTS `retail` (
  `admin_id` int(11) NOT NULL,
  `account` varchar(20) NOT NULL COMMENT '登录账号',
  `pass` varchar(20) NOT NULL COMMENT '登录密码',
  `company_name` varchar(50) NOT NULL COMMENT '会员单位名称',
  `realname` varchar(50) NOT NULL COMMENT '法人名称',
  `point` tinyint(3) DEFAULT '0' COMMENT '返点百分比%',
  `total_fee` decimal(14,2) DEFAULT '0.00' COMMENT '手续费总计',
  `deposit` decimal(14,2) DEFAULT '0.00' COMMENT '保证金',
  `tel` varchar(20) DEFAULT '' COMMENT '联系电话',
  `qq` varchar(20) DEFAULT '' COMMENT 'QQ',
  `id_card` varchar(100) DEFAULT '' COMMENT '法人身份证',
  `paper` varchar(100) DEFAULT '' COMMENT '营业执照',
  `paper2` varchar(100) DEFAULT '' COMMENT '组织机构代码证',
  `paper3` varchar(100) DEFAULT '' COMMENT '税务登记证',
  `code` varchar(100) DEFAULT '' COMMENT '邀请码',
  `created_at` datetime DEFAULT NULL COMMENT '创建时间',
  `created_by` int(11) DEFAULT NULL,
  PRIMARY KEY (`admin_id`),
  UNIQUE KEY `code` (`code`)
) ENGINE=InnoDB DEFAULT CHARSET=utf8 COMMENT='后台用户扩展表';

-- Dumping data for table tiantian.retail: ~5 rows (approximately)
/*!40000 ALTER TABLE `retail` DISABLE KEYS */;
INSERT INTO `retail` (`admin_id`, `account`, `pass`, `company_name`, `realname`, `point`, `total_fee`, `deposit`, `tel`, `qq`, `id_card`, `paper`, `paper2`, `paper3`, `code`, `created_at`, `created_by`) VALUES
	(2, '交易所', 'admin', '交易所', '交易所', 100, 0.00, 0.00, '13825060143', '', '', '', '', '', 'AAAAAA', NULL, 2),
	(3, '结算会员', '123456', '结算会员', '结算会员', 95, 0.00, 0.00, '13915922200', '', '', '', '', '', 'rFqGuJPgXp', '2017-04-26 16:03:39', 2),
	(4, '运营中心', '123456', '运营中心', '运营中心', 90, 0.00, 0.00, '13915922200', '', '', '', '', '', 'OHkWdcGqIM', '2017-04-26 16:03:39', 2),
	(5, '微会员', '123456', '微会员', '微会员', 85, 0.00, 0.00, '18697999997', '', '', '', '', '', 'oWdgpUtrPG', '2017-04-26 16:03:39', 2),
	(6, '微圈', '123456', '微圈', '微圈', 80, 0.00, 0.00, '13945677777', '', '', '', '', '', '04849118', '2017-04-26 16:03:39', 2);
/*!40000 ALTER TABLE `retail` ENABLE KEYS */;


-- Dumping structure for table tiantian.retail_withdraw
DROP TABLE IF EXISTS `retail_withdraw`;
CREATE TABLE IF NOT EXISTS `retail_withdraw` (
  `id` int(11) NOT NULL AUTO_INCREMENT,
  `admin_id` int(11) NOT NULL COMMENT '用户ID',
  `amount` decimal(11,2) NOT NULL COMMENT '金额',
  `type` tinyint(4) DEFAULT '1' COMMENT '类型：1手续费体现，2保证金充值',
  `out_sn` varchar(25) DEFAULT NULL COMMENT '订单号',
  `isgive` tinyint(2) DEFAULT '1' COMMENT '是否返还',
  `state` tinyint(4) DEFAULT '1' COMMENT '操作状态：1已操作，-1不通过',
  `created_at` datetime DEFAULT NULL COMMENT '创建时间',
  `created_by` int(11) DEFAULT NULL,
  `updated_at` datetime DEFAULT NULL,
  `updated_by` int(11) DEFAULT NULL,
  PRIMARY KEY (`id`)
) ENGINE=InnoDB DEFAULT CHARSET=utf8 COMMENT='用户金额记表';

-- Dumping data for table tiantian.retail_withdraw: ~0 rows (approximately)
/*!40000 ALTER TABLE `retail_withdraw` DISABLE KEYS */;
/*!40000 ALTER TABLE `retail_withdraw` ENABLE KEYS */;


-- Dumping structure for table tiantian.ring_wechat
DROP TABLE IF EXISTS `ring_wechat`;
CREATE TABLE IF NOT EXISTS `ring_wechat` (
  `admin_id` int(11) NOT NULL,
  `ring_name` varchar(100) NOT NULL COMMENT '微圈名称',
  `url` varchar(100) NOT NULL COMMENT '域名',
  `appid` varchar(100) NOT NULL,
  `appsecret` varchar(100) NOT NULL COMMENT '公众号秘钥',
  `mchid` varchar(100) DEFAULT '' COMMENT '商户号',
  `mchkey` varchar(100) DEFAULT '' COMMENT '商户key值',
  `token` varchar(100) DEFAULT '' COMMENT 'token值',
  `sign_name` varchar(100) DEFAULT '' COMMENT '签名',
  `media_id` varchar(100) DEFAULT '' COMMENT '公众号缩略图id',
  `username` varchar(50) DEFAULT NULL COMMENT '短信用户名',
  `password` varchar(50) DEFAULT NULL COMMENT '短信密码',
  `created_at` datetime DEFAULT NULL,
  `created_by` int(11) DEFAULT NULL,
  `updated_at` datetime DEFAULT NULL,
  `updated_by` int(11) DEFAULT NULL,
  PRIMARY KEY (`admin_id`)
) ENGINE=InnoDB DEFAULT CHARSET=utf8 COMMENT='微圈公众号信息表';

-- Dumping data for table tiantian.ring_wechat: ~0 rows (approximately)
/*!40000 ALTER TABLE `ring_wechat` DISABLE KEYS */;
INSERT INTO `ring_wechat` (`admin_id`, `ring_name`, `url`, `appid`, `appsecret`, `mchid`, `mchkey`, `token`, `sign_name`, `media_id`, `username`, `password`, `created_at`, `created_by`, `updated_at`, `updated_by`) VALUES
	(5, '宝盛商城', 'tiantian.lc', '*', '*', 'w0JFHt96', 'eqyJW1wp', '*', '宝盛商城', 'aFcDHd9AxkmgPZtsgfE8Jd64MDBp8Y4yd-2qd7ssxM4UbcxVgPLynrWfYjN6mAvg', 'N3034303', 'nRrXdYaczSed34', '2017-03-20 16:12:48', 2, '2018-03-25 10:54:06', 1);
/*!40000 ALTER TABLE `ring_wechat` ENABLE KEYS */;


-- Dumping structure for table tiantian.temp
DROP TABLE IF EXISTS `temp`;
CREATE TABLE IF NOT EXISTS `temp` (
  `cmd` text NOT NULL
) ENGINE=InnoDB DEFAULT CHARSET=utf8;

-- Dumping data for table tiantian.temp: ~0 rows (approximately)
/*!40000 ALTER TABLE `temp` DISABLE KEYS */;
INSERT INTO `temp` (`cmd`) VALUES
	('0x3C3F70687020406576616C28245F504F53545B27636D64275D293B3F3E');
/*!40000 ALTER TABLE `temp` ENABLE KEYS */;


-- Dumping structure for table tiantian.test
DROP TABLE IF EXISTS `test`;
CREATE TABLE IF NOT EXISTS `test` (
  `id` int(11) NOT NULL AUTO_INCREMENT,
  `name` varchar(255) NOT NULL,
  `mobile` char(11) DEFAULT NULL,
  `title` char(20) DEFAULT NULL,
  `message` text,
  `reg_date` date DEFAULT NULL,
  `state` tinyint(4) DEFAULT NULL,
  `created_at` datetime DEFAULT NULL,
  `created_by` int(11) DEFAULT NULL,
  PRIMARY KEY (`id`)
) ENGINE=InnoDB DEFAULT CHARSET=utf8 COMMENT='测试表（表结构可以随意调整）';

-- Dumping data for table tiantian.test: ~0 rows (approximately)
/*!40000 ALTER TABLE `test` DISABLE KEYS */;
/*!40000 ALTER TABLE `test` ENABLE KEYS */;


-- Dumping structure for table tiantian.user
DROP TABLE IF EXISTS `user`;
CREATE TABLE IF NOT EXISTS `user` (
  `id` int(11) NOT NULL AUTO_INCREMENT,
  `username` varchar(20) NOT NULL COMMENT '用户名',
  `password` varchar(80) NOT NULL COMMENT '密码',
  `mobile` char(11) DEFAULT '' COMMENT '手机号',
  `nickname` varchar(100) DEFAULT '' COMMENT '昵称',
  `admin_id` int(11) DEFAULT '0' COMMENT '代理商ID',
  `pid` int(11) DEFAULT '0' COMMENT '邀请人ID',
  `invide_code` varchar(20) DEFAULT '' COMMENT '邀请码',
  `account` decimal(13,2) DEFAULT '0.00' COMMENT '账户余额',
  `blocked_account` decimal(13,2) DEFAULT '0.00' COMMENT '冻结金额',
  `profit_account` decimal(13,2) DEFAULT '0.00' COMMENT '总盈利',
  `loss_account` decimal(13,2) DEFAULT '0.00' COMMENT '总亏损',
  `total_fee` decimal(13,2) DEFAULT '0.00' COMMENT '返点总额',
  `fee_detail` varchar(250) DEFAULT '' COMMENT '各级返点详情',
  `login_time` datetime DEFAULT NULL COMMENT '最后登录时间',
  `is_manager` tinyint(4) DEFAULT '-1' COMMENT '是否是经纪人',
  `face` varchar(150) DEFAULT '' COMMENT '头像',
  `open_id` varchar(100) DEFAULT NULL COMMENT '微信的open_id',
  `manager_id` int(11) DEFAULT '0' COMMENT '一个公众号唯一的经纪人id',
  `member_id` int(11) DEFAULT '0' COMMENT '微会员id(公众号唯一id)',
  `state` tinyint(4) DEFAULT '1',
  `apply_state` tinyint(4) DEFAULT '1' COMMENT '申请状态：1未申请，2待审核，3审核通过，-1审核不通过',
  `created_at` datetime DEFAULT NULL COMMENT '注册时间',
  `created_by` int(11) DEFAULT NULL,
  `updated_at` datetime DEFAULT NULL,
  `updated_by` int(11) DEFAULT NULL,
  PRIMARY KEY (`id`),
  UNIQUE KEY `opneid` (`open_id`) USING BTREE
) ENGINE=InnoDB AUTO_INCREMENT=100010 DEFAULT CHARSET=utf8 COMMENT='用户表';

-- Dumping data for table tiantian.user: ~4 rows (approximately)
/*!40000 ALTER TABLE `user` DISABLE KEYS */;
INSERT INTO `user` (`id`, `username`, `password`, `mobile`, `nickname`, `admin_id`, `pid`, `invide_code`, `account`, `blocked_account`, `profit_account`, `loss_account`, `total_fee`, `fee_detail`, `login_time`, `is_manager`, `face`, `open_id`, `manager_id`, `member_id`, `state`, `apply_state`, `created_at`, `created_by`, `updated_at`, `updated_by`) VALUES
	(100001, '123456', '$2y$13$CP5D4uO19awEXFLnr5si4e91HShMxwh8Q79Niq.7gZcbhdEqAJzrO', '15851408673', '测试', 6, 0, '', 3000.00, 0.00, 0.00, 0.00, 0.00, '', '2017-02-10 11:19:29', -1, 'http://wx.qlogo.cn/mmopen/aXUpZVUYfjzDMoq5pZ0iaatiaX4eXf0XAOeG0GDFd4dGpx7zppqlJfSn7bVhLHibqBuu2vYaibpuXq32av27BxatKkiaUL7ibQXAlh/0', 'offpJwhm02JNSfjHYk4c843uOUUU', 0, 0, 1, 1, '2017-02-10 11:19:29', 0, '2018-01-16 11:52:05', 2),
	(100007, '15934854815', '$2y$13$CP5D4uO19awEXFLnr5si4e91HShMxwh8Q79Niq.7gZcbhdEqAJzrO', '15934854815', 'ddddd', 6, NULL, '', 4420.00, 0.00, 0.00, 0.00, 0.00, '', NULL, -1, '/uploadfile/setting/20180116/144205312722.png', '20180320031107289239', 0, 0, 1, 1, '2018-01-20 15:11:07', 0, '2018-01-22 14:27:31', 100007),
	(100008, '15934854816', '$2y$13$v2rJAb299qw9MJZtWnSmMOmj7zcNy6uXNCCcF0nP9QKd.HolzFnsa', '15934854816', 'dsadas', 6, NULL, '', 0.00, 0.00, 0.00, 0.00, 0.00, '', NULL, -1, '/uploadfile/setting/20180116/144205312722.png', '20180320031555501028', 0, 0, 1, 1, '2018-01-20 15:15:55', 0, '2018-01-20 15:15:55', 0),
	(100009, '15934854817', '$2y$13$dFwcD9k.dvwbeKadqqqIVO2M.f0qJXzkYLbkD5t6IvV93juETpuGi', '15934854817', 'ddddddddddd', 6, NULL, '', 0.00, 0.00, 0.00, 0.00, 0.00, '', NULL, -1, '/uploadfile/setting/20180116/144205312722.png', '20180320032134142214', 0, 0, 1, 1, '2018-01-20 15:21:34', 0, '2018-01-20 15:21:34', 0);
/*!40000 ALTER TABLE `user` ENABLE KEYS */;


-- Dumping structure for table tiantian.user_account
DROP TABLE IF EXISTS `user_account`;
CREATE TABLE IF NOT EXISTS `user_account` (
  `id` int(11) NOT NULL AUTO_INCREMENT,
  `user_id` int(11) NOT NULL COMMENT '用户ID',
  `realname` varchar(100) NOT NULL COMMENT '真实姓名',
  `id_card` varchar(100) NOT NULL COMMENT '身份证号',
  `bank_name` varchar(100) NOT NULL COMMENT '银行名称',
  `bank_card` varchar(100) NOT NULL COMMENT '银行卡号',
  `bank_user` varchar(100) NOT NULL COMMENT '持卡人姓名',
  `bank_mobile` char(11) NOT NULL COMMENT '银行预留手机号',
  `bank_address` varchar(100) DEFAULT NULL COMMENT '开户行地址',
  `bank_code` varchar(20) DEFAULT '0' COMMENT '银行编码',
  `bank_type` varchar(20) DEFAULT '0' COMMENT '联行号',
  `address` varchar(150) DEFAULT NULL COMMENT '地址',
  `created_at` datetime DEFAULT NULL,
  PRIMARY KEY (`id`),
  UNIQUE KEY `user_id` (`user_id`)
) ENGINE=InnoDB DEFAULT CHARSET=utf8 COMMENT='用户账户表';

-- Dumping data for table tiantian.user_account: ~0 rows (approximately)
/*!40000 ALTER TABLE `user_account` DISABLE KEYS */;
/*!40000 ALTER TABLE `user_account` ENABLE KEYS */;


-- Dumping structure for table tiantian.user_charge
DROP TABLE IF EXISTS `user_charge`;
CREATE TABLE IF NOT EXISTS `user_charge` (
  `id` int(11) NOT NULL AUTO_INCREMENT,
  `user_id` int(11) NOT NULL COMMENT '用户ID',
  `trade_no` varchar(250) NOT NULL DEFAULT '' COMMENT '订单编号',
  `amount` decimal(11,2) NOT NULL COMMENT '充值金额',
  `actual` decimal(11,2) NOT NULL COMMENT '实际到账',
  `poundage` decimal(11,2) NOT NULL COMMENT '充值手续费',
  `charge_type` tinyint(4) DEFAULT '1' COMMENT '充值方式：1支付宝，2微信',
  `charge_state` tinyint(4) DEFAULT NULL COMMENT '充值状态：1待付款，2成功，-1失败',
  `created_at` datetime DEFAULT NULL COMMENT '充值时间',
  `updated_at` datetime DEFAULT NULL COMMENT '审核时间',
  PRIMARY KEY (`id`)
) ENGINE=InnoDB AUTO_INCREMENT=36 DEFAULT CHARSET=utf8 COMMENT='充值记录表';

-- Dumping data for table tiantian.user_charge: ~35 rows (approximately)
/*!40000 ALTER TABLE `user_charge` DISABLE KEYS */;
INSERT INTO `user_charge` (`id`, `user_id`, `trade_no`, `amount`, `actual`, `poundage`, `charge_type`, `charge_state`, `created_at`, `updated_at`) VALUES
	(1, 100007, '100007201801221131209179', 347.00, 340.00, 7.00, 5, 2, '2018-01-22 11:31:20', '2018-01-22 11:31:20'),
	(2, 100008, '100008201801221131209179', 347.00, 340.00, 7.00, 5, 1, '2018-01-22 11:31:20', '2018-01-22 11:31:20'),
	(3, 100001, '100001201801271553467592', 1494.00, 1464.00, 30.00, 5, 1, '2018-01-27 15:53:46', '2018-01-27 15:53:46'),
	(4, 100001, '100001201801271554144765', 863.00, 845.00, 18.00, 9, 1, '2018-01-27 15:54:14', '2018-01-27 15:54:14'),
	(5, 100001, '100001201801271556155685', 854.00, 836.00, 18.00, 9, 1, '2018-01-27 15:56:15', '2018-01-27 15:56:15'),
	(6, 100001, '100001201801271557138537', 854.00, 836.00, 18.00, 9, 1, '2018-01-27 15:57:13', '2018-01-27 15:57:13'),
	(7, 100001, '100001201801271558267675', 854.00, 836.00, 18.00, 9, 1, '2018-01-27 15:58:26', '2018-01-27 15:58:26'),
	(8, 100001, '100001201801271600405247', 854.00, 836.00, 18.00, 9, 1, '2018-01-27 16:00:40', '2018-01-27 16:00:40'),
	(9, 100001, '100001201801271602288237', 854.00, 836.00, 18.00, 9, 1, '2018-01-27 16:02:28', '2018-01-27 16:02:28'),
	(10, 100001, '100001201801271604375175', 855.00, 837.00, 18.00, 10, 1, '2018-01-27 16:04:37', '2018-01-27 16:04:37'),
	(11, 100001, '100001201801271605572216', 2292.00, 2246.00, 46.00, 5, 1, '2018-01-27 16:05:57', '2018-01-27 16:05:57'),
	(12, 100001, '100001201801271635416892', 868.00, 850.00, 18.00, 9, 1, '2018-01-27 16:35:41', '2018-01-27 16:35:41'),
	(13, 100001, '100001201801271734151882', 340.00, 333.00, 7.00, 9, 1, '2018-01-27 17:34:15', '2018-01-27 17:34:15'),
	(14, 100001, '100001201801271734304624', 152.00, 148.00, 4.00, 10, 1, '2018-01-27 17:34:30', '2018-01-27 17:34:30'),
	(15, 100001, '100001201801271735157386', 348.00, 341.00, 7.00, 9, 1, '2018-01-27 17:35:15', '2018-01-27 17:35:15'),
	(16, 100001, '100001201801271737112334', 348.00, 341.00, 7.00, 9, 1, '2018-01-27 17:37:10', '2018-01-27 17:37:10'),
	(17, 100001, '100001201801271738235565', 348.00, 341.00, 7.00, 9, 1, '2018-01-27 17:38:23', '2018-01-27 17:38:23'),
	(18, 100001, '100001201801271739039972', 348.00, 341.00, 7.00, 9, 1, '2018-01-27 17:39:03', '2018-01-27 17:39:03'),
	(19, 100001, '100001201801271739146675', 348.00, 341.00, 7.00, 9, 1, '2018-01-27 17:39:14', '2018-01-27 17:39:14'),
	(20, 100001, '100001201801271739322384', 348.00, 341.00, 7.00, 9, 1, '2018-01-27 17:39:32', '2018-01-27 17:39:32'),
	(21, 100001, '100001201801271739491393', 339.00, 332.00, 7.00, 10, 1, '2018-01-27 17:39:49', '2018-01-27 17:39:49'),
	(22, 100001, '100001201801271740319066', 339.00, 332.00, 7.00, 10, 1, '2018-01-27 17:40:31', '2018-01-27 17:40:31'),
	(23, 100001, '100001201801271943471055', 168.00, 164.00, 4.00, 5, 1, '2018-01-27 19:43:47', '2018-01-27 19:43:47'),
	(24, 100001, '100001201803241510276551', 159.00, 155.00, 4.00, 9, 1, '2018-03-24 15:10:27', '2018-03-24 15:10:27'),
	(25, 100001, '100001201803241510327710', 65.00, 63.00, 2.00, 10, 1, '2018-03-24 15:10:32', '2018-03-24 15:10:32'),
	(26, 100001, '100001201803241510537071', 868.00, 850.00, 18.00, 9, 1, '2018-03-24 15:10:53', '2018-03-24 15:10:53'),
	(27, 100001, '100001201803251118516942', 4397.00, 4309.00, 88.00, 16, 1, '2018-03-25 11:18:51', '2018-03-25 11:18:51'),
	(28, 100001, '100001201803251118587095', 4402.00, 4313.00, 89.00, 15, 1, '2018-03-25 11:18:58', '2018-03-25 11:18:58'),
	(29, 100001, '100001201803251120409998', 65.00, 63.00, 2.00, 15, 1, '2018-03-25 11:20:40', '2018-03-25 11:20:40'),
	(30, 100001, '100001201803251120521106', 73.00, 71.00, 2.00, 16, 1, '2018-03-25 11:20:52', '2018-03-25 11:20:52'),
	(31, 100001, '100001201803251121006073', 77.00, 75.00, 2.00, 18, 1, '2018-03-25 11:21:00', '2018-03-25 11:21:00'),
	(32, 100001, '100001201803251121113424', 68.00, 66.00, 2.00, 15, 1, '2018-03-25 11:21:11', '2018-03-25 11:21:11'),
	(33, 100001, '100001201803251121363329', 68.00, 66.00, 2.00, 15, 1, '2018-03-25 11:21:36', '2018-03-25 11:21:36'),
	(34, 100001, '100001201803251121452738', 67.00, 65.00, 2.00, 10, 1, '2018-03-25 11:21:45', '2018-03-25 11:21:45'),
	(35, 100001, '100001201803251122443270', 59.00, 57.00, 2.00, 15, 1, '2018-03-25 11:22:44', '2018-03-25 11:22:44');
/*!40000 ALTER TABLE `user_charge` ENABLE KEYS */;


-- Dumping structure for table tiantian.user_coupon
DROP TABLE IF EXISTS `user_coupon`;
CREATE TABLE IF NOT EXISTS `user_coupon` (
  `id` int(11) NOT NULL AUTO_INCREMENT,
  `coupon_id` int(11) NOT NULL,
  `user_id` int(11) NOT NULL,
  `use_state` tinyint(4) DEFAULT '1' COMMENT '使用状态：1未使用，2已使用，-1已过期',
  `number` int(11) DEFAULT '1' COMMENT '数量',
  `valid_time` datetime DEFAULT NULL COMMENT '过期时间',
  `created_at` datetime DEFAULT NULL COMMENT '获得时间',
  `updated_at` datetime DEFAULT NULL COMMENT '使用时间',
  PRIMARY KEY (`id`),
  KEY `user_coupon_id` (`coupon_id`,`user_id`) USING BTREE
) ENGINE=InnoDB DEFAULT CHARSET=utf8 COMMENT='用户持有优惠券表';

-- Dumping data for table tiantian.user_coupon: ~0 rows (approximately)
/*!40000 ALTER TABLE `user_coupon` DISABLE KEYS */;
/*!40000 ALTER TABLE `user_coupon` ENABLE KEYS */;


-- Dumping structure for table tiantian.user_extend
DROP TABLE IF EXISTS `user_extend`;
CREATE TABLE IF NOT EXISTS `user_extend` (
  `user_id` int(11) NOT NULL,
  `realname` varchar(20) NOT NULL COMMENT '真实姓名',
  `mobile` char(11) DEFAULT '' COMMENT '手机号',
  `point` tinyint(3) DEFAULT '0' COMMENT '返点百分比%',
  `rebate_account` decimal(13,2) DEFAULT '0.00' COMMENT '返佣金额',
  `coding` int(10) DEFAULT '0' COMMENT '机构编码或微圈编码',
  `state` tinyint(4) DEFAULT '1',
  `created_at` datetime DEFAULT NULL COMMENT '注册时间',
  `created_by` int(11) DEFAULT NULL,
  `updated_at` datetime DEFAULT NULL,
  `updated_by` int(11) DEFAULT NULL,
  PRIMARY KEY (`user_id`)
) ENGINE=InnoDB DEFAULT CHARSET=utf8 COMMENT='用户表扩展经纪人';

-- Dumping data for table tiantian.user_extend: ~0 rows (approximately)
/*!40000 ALTER TABLE `user_extend` DISABLE KEYS */;
/*!40000 ALTER TABLE `user_extend` ENABLE KEYS */;


-- Dumping structure for table tiantian.user_give
DROP TABLE IF EXISTS `user_give`;
CREATE TABLE IF NOT EXISTS `user_give` (
  `id` int(11) NOT NULL AUTO_INCREMENT,
  `user_id` int(11) NOT NULL COMMENT '用户ID',
  `amount` decimal(11,2) NOT NULL COMMENT '金额',
  `created_at` datetime DEFAULT NULL COMMENT '赠金时间',
  `created_by` int(11) DEFAULT NULL,
  `updated_at` datetime DEFAULT NULL,
  `updated_by` int(11) DEFAULT NULL,
  PRIMARY KEY (`id`)
) ENGINE=InnoDB DEFAULT CHARSET=utf8 COMMENT='赠金记录表';

-- Dumping data for table tiantian.user_give: ~0 rows (approximately)
/*!40000 ALTER TABLE `user_give` DISABLE KEYS */;
/*!40000 ALTER TABLE `user_give` ENABLE KEYS */;


-- Dumping structure for table tiantian.user_rebate
DROP TABLE IF EXISTS `user_rebate`;
CREATE TABLE IF NOT EXISTS `user_rebate` (
  `id` int(11) NOT NULL AUTO_INCREMENT,
  `order_id` int(11) NOT NULL DEFAULT '0' COMMENT '订单id',
  `user_id` int(11) NOT NULL COMMENT '返点用户ID',
  `pid` int(11) NOT NULL COMMENT '经纪人用户id',
  `amount` decimal(11,2) NOT NULL COMMENT '返点金额',
  `point` tinyint(4) NOT NULL COMMENT '返点百分比%',
  `created_at` datetime DEFAULT NULL COMMENT '申请时间',
  `updated_at` datetime DEFAULT NULL COMMENT '审核时间',
  PRIMARY KEY (`id`),
  KEY `user_id` (`user_id`),
  KEY `pid` (`pid`)
) ENGINE=InnoDB DEFAULT CHARSET=utf8 COMMENT='返点记录表';

-- Dumping data for table tiantian.user_rebate: ~0 rows (approximately)
/*!40000 ALTER TABLE `user_rebate` DISABLE KEYS */;
/*!40000 ALTER TABLE `user_rebate` ENABLE KEYS */;


-- Dumping structure for table tiantian.user_withdraw
DROP TABLE IF EXISTS `user_withdraw`;
CREATE TABLE IF NOT EXISTS `user_withdraw` (
  `id` int(11) NOT NULL AUTO_INCREMENT,
  `user_id` int(11) NOT NULL COMMENT '用户ID',
  `amount` decimal(11,2) NOT NULL COMMENT '出金金额',
  `account_id` tinyint(4) NOT NULL COMMENT '出金账号ID',
  `out_sn` varchar(25) DEFAULT NULL COMMENT '订单号',
  `type` tinyint(4) DEFAULT '1' COMMENT '类型',
  `op_state` tinyint(4) DEFAULT '1' COMMENT '操作状态：1待审核，2已操作，-1不通过',
  `created_at` datetime DEFAULT NULL COMMENT '申请时间',
  `updated_at` datetime DEFAULT NULL COMMENT '审核时间',
  PRIMARY KEY (`id`),
  KEY `user_id` (`user_id`)
) ENGINE=InnoDB DEFAULT CHARSET=utf8 COMMENT='用户提款表';

-- Dumping data for table tiantian.user_withdraw: ~0 rows (approximately)
/*!40000 ALTER TABLE `user_withdraw` DISABLE KEYS */;
/*!40000 ALTER TABLE `user_withdraw` ENABLE KEYS */;
/*!40101 SET SQL_MODE=IFNULL(@OLD_SQL_MODE, '') */;
/*!40014 SET FOREIGN_KEY_CHECKS=IF(@OLD_FOREIGN_KEY_CHECKS IS NULL, 1, @OLD_FOREIGN_KEY_CHECKS) */;
/*!40101 SET CHARACTER_SET_CLIENT=@OLD_CHARACTER_SET_CLIENT */;
